2026-02-11 16:08:04,735 - INFO - Loading configuration from features_z8-16_v4.json
2026-02-11 16:08:04,736 - INFO - Processing PBF file: tlse_test.pbf (38.2 MB)
2026-02-11 16:08:04,736 - INFO - Zoom range: 12-12
2026-02-11 16:08:04,736 - INFO - Output format: NAV binary tiles (.nav)
2026-02-11 16:08:04,736 - INFO - Pass 1: Scanning boundary relations...
2026-02-11 16:08:04,959 - INFO -   Boundary ways found: 3,413
2026-02-11 16:08:04,959 - INFO - Pass 2: Processing OSM data...
  Progress: 1 ways, 0 features [0m 35s][EXTRACT] Water polygon: pts=170, holes=0, subclass=water, rgb565=0xae9b
[EXTRACT] Water polygon: pts=46, holes=0, subclass=water, rgb565=0xae9b
[EXTRACT] Water polygon: pts=74, holes=1, subclass=water, rgb565=0xae9b
[EXTRACT] Water polygon: pts=23, holes=0, subclass=water, rgb565=0xae9b
[EXTRACT] Water polygon: pts=125, holes=0, subclass=water, rgb565=0xae9b
[EXTRACT] Water polygon: pts=37, holes=0, subclass=water, rgb565=0xae9b
[EXTRACT] Water polygon: pts=41, holes=0, subclass=water, rgb565=0xae9b
[EXTRACT] Water polygon: pts=24, holes=0, subclass=water, rgb565=0xae9b
[EXTRACT] Water polygon: pts=52, holes=0, subclass=water, rgb565=0xae9b
[EXTRACT] Water polygon: pts=39, holes=0, subclass=water, rgb565=0xae9b
[EXTRACT] Water polygon: pts=34, holes=0, subclass=water, rgb565=0xae9b
[EXTRACT] Water polygon: pts=25, holes=0, subclass=water, rgb565=0xae9b
[EXTRACT] Water polygon: pts=23, holes=0, subclass=water, rgb565=0xae9b
[EXTRACT] Water polygon: pts=21, holes=0, subclass=water, rgb565=0xae9b
[EXTRACT] Water polygon: pts=98, holes=0, subclass=water, rgb565=0xae9b
[EXTRACT] Water polygon: pts=37, holes=1, subclass=water, rgb565=0xae9b
[EXTRACT] Water polygon: pts=27, holes=0, subclass=water, rgb565=0xae9b
[EXTRACT] Water polygon: pts=186, holes=0, subclass=water, rgb565=0xae9b
[EXTRACT] Water polygon: pts=33, holes=0, subclass=water, rgb565=0xae9b
[EXTRACT] Water polygon: pts=22, holes=0, subclass=water, rgb565=0xae9b
[EXTRACT] Water polygon: pts=77, holes=0, subclass=water, rgb565=0xae9b
[EXTRACT] Water polygon: pts=59, holes=0, subclass=water, rgb565=0xae9b
[EXTRACT] Water polygon: pts=57, holes=0, subclass=water, rgb565=0xae9b
[EXTRACT] Water polygon: pts=41, holes=0, subclass=water, rgb565=0xae9b
[EXTRACT] Water polygon: pts=135, holes=0, subclass=water, rgb565=0xae9b
[EXTRACT] Water polygon: pts=38, holes=0, subclass=water, rgb565=0xae9b
[EXTRACT] Water polygon: pts=29, holes=0, subclass=water, rgb565=0xae9b
[EXTRACT] Water polygon: pts=32, holes=0, subclass=water, rgb565=0xae9b
[EXTRACT] Water polygon: pts=43, holes=0, subclass=water, rgb565=0xae9b
[EXTRACT] Water polygon: pts=28, holes=0, subclass=water, rgb565=0xae9b
[EXTRACT] Water polygon: pts=38, holes=1, subclass=water, rgb565=0xae9b
[EXTRACT] Water polygon: pts=73, holes=0, subclass=water, rgb565=0xae9b
[EXTRACT] Water polygon: pts=59, holes=0, subclass=water, rgb565=0xae9b
[EXTRACT] Water polygon: pts=102, holes=0, subclass=water, rgb565=0xae9b
[EXTRACT] Water polygon: pts=102, holes=0, subclass=water, rgb565=0xae9b
[EXTRACT] Water polygon: pts=144, holes=0, subclass=water, rgb565=0xae9b
[EXTRACT] Water polygon: pts=45, holes=0, subclass=water, rgb565=0xae9b
[EXTRACT] Water polygon: pts=47, holes=0, subclass=water, rgb565=0xae9b
[EXTRACT] Water polygon: pts=51, holes=0, subclass=water, rgb565=0xae9b
[EXTRACT] Water polygon: pts=24, holes=0, subclass=water, rgb565=0xae9b
[EXTRACT] Water polygon: pts=162, holes=0, subclass=water, rgb565=0xae9b
[EXTRACT] Water polygon: pts=35, holes=0, subclass=water, rgb565=0xae9b
[EXTRACT] Water polygon: pts=44, holes=0, subclass=water, rgb565=0xae9b
[EXTRACT] Water polygon: pts=61, holes=0, subclass=water, rgb565=0xae9b
[EXTRACT] Water polygon: pts=190, holes=0, subclass=water, rgb565=0xae9b
[EXTRACT] Water polygon: pts=69, holes=0, subclass=water, rgb565=0xae9b
[EXTRACT] Water polygon: pts=29, holes=0, subclass=water, rgb565=0xae9b
[EXTRACT] Water polygon: pts=173, holes=0, subclass=water, rgb565=0xae9b
[EXTRACT] Water polygon: pts=42, holes=0, subclass=water, rgb565=0xae9b
[EXTRACT] Water polygon: pts=39, holes=0, subclass=water, rgb565=0xae9b
[EXTRACT] Water polygon: pts=39, holes=0, subclass=water, rgb565=0xae9b
[EXTRACT] Water polygon: pts=54, holes=0, subclass=water, rgb565=0xae9b
[EXTRACT] Water polygon: pts=54, holes=0, subclass=water, rgb565=0xae9b
[EXTRACT] Water polygon: pts=39, holes=0, subclass=water, rgb565=0xae9b
[EXTRACT] Water polygon: pts=21, holes=0, subclass=water, rgb565=0xae9b
[EXTRACT] Water polygon: pts=40, holes=0, subclass=water, rgb565=0xae9b
[EXTRACT] Water polygon: pts=26, holes=0, subclass=water, rgb565=0xae9b
[EXTRACT] Water polygon: pts=123, holes=0, subclass=water, rgb565=0xae9b
[EXTRACT] Water polygon: pts=81, holes=0, subclass=water, rgb565=0xae9b
[EXTRACT] Water polygon: pts=26, holes=0, subclass=water, rgb565=0xae9b
[EXTRACT] Water polygon: pts=37, holes=0, subclass=water, rgb565=0xae9b
[EXTRACT] Water polygon: pts=51, holes=0, subclass=water, rgb565=0xae9b
[EXTRACT] Water polygon: pts=35, holes=0, subclass=water, rgb565=0xae9b
[EXTRACT] Water polygon: pts=106, holes=0, subclass=water, rgb565=0xae9b
[EXTRACT] Water polygon: pts=29, holes=0, subclass=water, rgb565=0xae9b
[EXTRACT] Water polygon: pts=30, holes=0, subclass=water, rgb565=0xae9b
[EXTRACT] Water polygon: pts=110, holes=0, subclass=water, rgb565=0xae9b
[EXTRACT] Water polygon: pts=22, holes=0, subclass=water, rgb565=0xae9b
  Progress: 136,897 ways, 13,395 features [0m 40s][EXTRACT] Water polygon: pts=22, holes=0, subclass=water, rgb565=0xae9b
[EXTRACT] Water polygon: pts=24, holes=0, subclass=water, rgb565=0xae9b
[EXTRACT] Water polygon: pts=22, holes=0, subclass=water, rgb565=0xae9b
[EXTRACT] Water polygon: pts=95, holes=0, subclass=water, rgb565=0xae9b
[EXTRACT] Water polygon: pts=34, holes=0, subclass=water, rgb565=0xae9b
[EXTRACT] Water polygon: pts=45, holes=0, subclass=water, rgb565=0xae9b
[EXTRACT] Water polygon: pts=51, holes=0, subclass=water, rgb565=0xae9b
[EXTRACT] Water polygon: pts=94, holes=0, subclass=water, rgb565=0xae9b
[EXTRACT] Water polygon: pts=51, holes=0, subclass=water, rgb565=0xae9b
[EXTRACT] Water polygon: pts=107, holes=0, subclass=water, rgb565=0xae9b
[EXTRACT] Water polygon: pts=78, holes=0, subclass=water, rgb565=0xae9b
[EXTRACT] Water polygon: pts=27, holes=0, subclass=water, rgb565=0xae9b
[EXTRACT] Water polygon: pts=35, holes=0, subclass=water, rgb565=0xae9b
[EXTRACT] Water polygon: pts=34, holes=0, subclass=water, rgb565=0xae9b
[EXTRACT] Water polygon: pts=35, holes=0, subclass=water, rgb565=0xae9b
[EXTRACT] Water polygon: pts=58, holes=0, subclass=water, rgb565=0xae9b
[EXTRACT] Water polygon: pts=27, holes=0, subclass=water, rgb565=0xae9b
[EXTRACT] Water polygon: pts=25, holes=0, subclass=water, rgb565=0xae9b
[EXTRACT] Water polygon: pts=28, holes=0, subclass=water, rgb565=0xae9b
[EXTRACT] Water polygon: pts=51, holes=0, subclass=water, rgb565=0xae9b
[EXTRACT] Water polygon: pts=26, holes=0, subclass=water, rgb565=0xae9b
[EXTRACT] Water polygon: pts=27, holes=0, subclass=water, rgb565=0xae9b
[EXTRACT] Water polygon: pts=419, holes=0, subclass=water, rgb565=0xae9b
[EXTRACT] Water polygon: pts=27, holes=0, subclass=water, rgb565=0xae9b
[EXTRACT] Water polygon: pts=25, holes=0, subclass=water, rgb565=0xae9b
[EXTRACT] Water polygon: pts=50, holes=0, subclass=water, rgb565=0xae9b
[EXTRACT] Water polygon: pts=32, holes=0, subclass=water, rgb565=0xae9b
[EXTRACT] Water polygon: pts=48, holes=0, subclass=water, rgb565=0xae9b
[EXTRACT] Water polygon: pts=27, holes=0, subclass=water, rgb565=0xae9b
[EXTRACT] Water polygon: pts=24, holes=0, subclass=water, rgb565=0xae9b
[EXTRACT] Water polygon: pts=26, holes=0, subclass=water, rgb565=0xae9b
[EXTRACT] Water polygon: pts=25, holes=0, subclass=water, rgb565=0xae9b
[EXTRACT] Water polygon: pts=34, holes=0, subclass=water, rgb565=0xae9b
[EXTRACT] Water polygon: pts=21, holes=0, subclass=water, rgb565=0xae9b
[EXTRACT] Water polygon: pts=132, holes=0, subclass=water, rgb565=0xae9b
[EXTRACT] Water polygon: pts=38, holes=0, subclass=water, rgb565=0xae9b
[EXTRACT] Water polygon: pts=28, holes=0, subclass=water, rgb565=0xae9b
[EXTRACT] Water polygon: pts=37, holes=0, subclass=water, rgb565=0xae9b
[EXTRACT] Water polygon: pts=48, holes=0, subclass=water, rgb565=0xae9b
[EXTRACT] Water polygon: pts=26, holes=0, subclass=water, rgb565=0xae9b
[EXTRACT] Water polygon: pts=23, holes=0, subclass=water, rgb565=0xae9b
[EXTRACT] Water polygon: pts=30, holes=0, subclass=water, rgb565=0xae9b
[EXTRACT] Water polygon: pts=25, holes=0, subclass=water, rgb565=0xae9b
[EXTRACT] Water polygon: pts=23, holes=0, subclass=water, rgb565=0xae9b
[EXTRACT] Water polygon: pts=53, holes=0, subclass=water, rgb565=0xae9b
[EXTRACT] Water polygon: pts=22, holes=0, subclass=water, rgb565=0xae9b
[EXTRACT] Water polygon: pts=29, holes=0, subclass=water, rgb565=0xae9b
[EXTRACT] Water polygon: pts=26, holes=0, subclass=water, rgb565=0xae9b
[EXTRACT] Water polygon: pts=43, holes=0, subclass=water, rgb565=0xae9b
[EXTRACT] Water polygon: pts=65, holes=0, subclass=water, rgb565=0xae9b
[EXTRACT] Water polygon: pts=26, holes=0, subclass=water, rgb565=0xae9b
[EXTRACT] Water polygon: pts=262, holes=0, subclass=water, rgb565=0xae9b
[EXTRACT] Water polygon: pts=51, holes=0, subclass=water, rgb565=0xae9b
[EXTRACT] Water polygon: pts=51, holes=0, subclass=water, rgb565=0xae9b
[EXTRACT] Water polygon: pts=39, holes=0, subclass=water, rgb565=0xae9b
[EXTRACT] Water polygon: pts=34, holes=0, subclass=water, rgb565=0xae9b
[EXTRACT] Water polygon: pts=1040, holes=0, subclass=water, rgb565=0xae9b
[EXTRACT] Water polygon: pts=21, holes=0, subclass=water, rgb565=0xae9b
[EXTRACT] Water polygon: pts=51, holes=0, subclass=water, rgb565=0xae9b
[EXTRACT] Water polygon: pts=26, holes=0, subclass=water, rgb565=0xae9b
[EXTRACT] Water polygon: pts=21, holes=0, subclass=water, rgb565=0xae9b
[EXTRACT] Water polygon: pts=29, holes=0, subclass=water, rgb565=0xae9b
[EXTRACT] Water polygon: pts=68, holes=1, subclass=water, rgb565=0xae9b
[EXTRACT] Water polygon: pts=77, holes=0, subclass=water, rgb565=0xae9b
[EXTRACT] Water polygon: pts=82, holes=0, subclass=water, rgb565=0xae9b
[EXTRACT] Water polygon: pts=68, holes=0, subclass=water, rgb565=0xae9b
[EXTRACT] Water polygon: pts=35, holes=0, subclass=water, rgb565=0xae9b
[EXTRACT] Water polygon: pts=32, holes=0, subclass=water, rgb565=0xae9b
[EXTRACT] Water polygon: pts=106, holes=2, subclass=water, rgb565=0xae9b
[EXTRACT] Water polygon: pts=25, holes=0, subclass=water, rgb565=0xae9b
[EXTRACT] Water polygon: pts=40, holes=0, subclass=water, rgb565=0xae9b
[EXTRACT] Water polygon: pts=37, holes=0, subclass=water, rgb565=0xae9b
[EXTRACT] Water polygon: pts=141, holes=0, subclass=water, rgb565=0xae9b
[EXTRACT] Water polygon: pts=33, holes=0, subclass=water, rgb565=0xae9b
[EXTRACT] Water polygon: pts=105, holes=0, subclass=water, rgb565=0xae9b
[EXTRACT] Water polygon: pts=31, holes=0, subclass=water, rgb565=0xae9b
[EXTRACT] Water polygon: pts=27, holes=0, subclass=water, rgb565=0xae9b
[EXTRACT] Water polygon: pts=133, holes=0, subclass=water, rgb565=0xae9b
[EXTRACT] Water polygon: pts=23, holes=0, subclass=water, rgb565=0xae9b
[EXTRACT] Water polygon: pts=22, holes=0, subclass=water, rgb565=0xae9b
[EXTRACT] Water polygon: pts=241, holes=0, subclass=water, rgb565=0xae9b
[EXTRACT] Water polygon: pts=47, holes=0, subclass=water, rgb565=0xae9b
[EXTRACT] Water polygon: pts=35, holes=0, subclass=water, rgb565=0xae9b
[EXTRACT] Water polygon: pts=234, holes=0, subclass=water, rgb565=0xae9b
[EXTRACT] Water polygon: pts=30, holes=0, subclass=water, rgb565=0xae9b
[EXTRACT] Water polygon: pts=51, holes=0, subclass=water, rgb565=0xae9b
[EXTRACT] Water polygon: pts=51, holes=0, subclass=water, rgb565=0xae9b
[EXTRACT] Water polygon: pts=35, holes=0, subclass=water, rgb565=0xae9b
[EXTRACT] Water polygon: pts=114, holes=0, subclass=water, rgb565=0xae9b
[EXTRACT] Water polygon: pts=51, holes=0, subclass=water, rgb565=0xae9b
[EXTRACT] Water polygon: pts=51, holes=0, subclass=water, rgb565=0xae9b
[EXTRACT] Water polygon: pts=51, holes=0, subclass=water, rgb565=0xae9b
[EXTRACT] Water polygon: pts=55, holes=0, subclass=water, rgb565=0xae9b
[EXTRACT] Water polygon: pts=52, holes=0, subclass=water, rgb565=0xae9b
[EXTRACT] Water polygon: pts=93, holes=0, subclass=water, rgb565=0xae9b
[EXTRACT] Water polygon: pts=51, holes=0, subclass=water, rgb565=0xae9b
[EXTRACT] Water polygon: pts=33, holes=0, subclass=water, rgb565=0xae9b
[EXTRACT] Water polygon: pts=51, holes=0, subclass=water, rgb565=0xae9b
[EXTRACT] Water polygon: pts=52, holes=0, subclass=water, rgb565=0xae9b
[EXTRACT] Water polygon: pts=109, holes=0, subclass=water, rgb565=0xae9b
[EXTRACT] Water polygon: pts=68, holes=0, subclass=water, rgb565=0xae9b
[EXTRACT] Water polygon: pts=111, holes=0, subclass=water, rgb565=0xae9b
[EXTRACT] Water polygon: pts=42, holes=0, subclass=water, rgb565=0xae9b
[EXTRACT] Water polygon: pts=22, holes=0, subclass=water, rgb565=0xae9b
[EXTRACT] Water polygon: pts=38, holes=0, subclass=water, rgb565=0xae9b
[EXTRACT] Water polygon: pts=74, holes=0, subclass=water, rgb565=0xae9b
  Progress: 273,832 ways, 14,043 features [0m 45s][EXTRACT] Water polygon: pts=197, holes=0, subclass=water, rgb565=0xae9b
[EXTRACT] Water polygon: pts=35, holes=0, subclass=water, rgb565=0xae9b
[EXTRACT] Water polygon: pts=28, holes=0, subclass=water, rgb565=0xae9b
[EXTRACT] Water polygon: pts=39, holes=0, subclass=water, rgb565=0xae9b
[EXTRACT] Water polygon: pts=90, holes=0, subclass=water, rgb565=0xae9b
[EXTRACT] Water polygon: pts=38, holes=0, subclass=water, rgb565=0xae9b
[EXTRACT] Water polygon: pts=102, holes=0, subclass=water, rgb565=0xae9b
[EXTRACT] Water polygon: pts=27, holes=1, subclass=water, rgb565=0xae9b
[EXTRACT] Water polygon: pts=62, holes=0, subclass=water, rgb565=0xae9b
[EXTRACT] Water polygon: pts=57, holes=0, subclass=water, rgb565=0xae9b
[EXTRACT] Water polygon: pts=39, holes=0, subclass=water, rgb565=0xae9b
[EXTRACT] Water polygon: pts=22, holes=0, subclass=water, rgb565=0xae9b
[EXTRACT] Water polygon: pts=34, holes=0, subclass=water, rgb565=0xae9b
[EXTRACT] Water polygon: pts=58, holes=0, subclass=water, rgb565=0xae9b
[EXTRACT] Water polygon: pts=49, holes=0, subclass=water, rgb565=0xae9b
[EXTRACT] Water polygon: pts=46, holes=0, subclass=water, rgb565=0xae9b
[EXTRACT] Water polygon: pts=57, holes=0, subclass=water, rgb565=0xae9b
[EXTRACT] Water polygon: pts=30, holes=0, subclass=water, rgb565=0xae9b
[EXTRACT] Water polygon: pts=28, holes=0, subclass=water, rgb565=0xae9b
[EXTRACT] Water polygon: pts=26, holes=0, subclass=water, rgb565=0xae9b
[EXTRACT] Water polygon: pts=30, holes=0, subclass=water, rgb565=0xae9b
[EXTRACT] Water polygon: pts=50, holes=0, subclass=water, rgb565=0xae9b
[EXTRACT] Water polygon: pts=130, holes=0, subclass=water, rgb565=0xae9b
[EXTRACT] Water polygon: pts=22, holes=0, subclass=water, rgb565=0xae9b
[EXTRACT] Water polygon: pts=49, holes=0, subclass=water, rgb565=0xae9b
[EXTRACT] Water polygon: pts=33, holes=0, subclass=water, rgb565=0xae9b
[EXTRACT] Water polygon: pts=54, holes=0, subclass=water, rgb565=0xae9b
[EXTRACT] Water polygon: pts=38, holes=0, subclass=water, rgb565=0xae9b
[EXTRACT] Water polygon: pts=22, holes=0, subclass=water, rgb565=0xae9b
[EXTRACT] Water polygon: pts=41, holes=0, subclass=water, rgb565=0xae9b
[EXTRACT] Water polygon: pts=47, holes=0, subclass=water, rgb565=0xae9b
[EXTRACT] Water polygon: pts=42, holes=0, subclass=water, rgb565=0xae9b
[EXTRACT] Water polygon: pts=97, holes=0, subclass=water, rgb565=0xae9b
[EXTRACT] Water polygon: pts=160, holes=0, subclass=water, rgb565=0xae9b
[EXTRACT] Water polygon: pts=22, holes=0, subclass=water, rgb565=0xae9b
[EXTRACT] Water polygon: pts=29, holes=0, subclass=water, rgb565=0xae9b
[EXTRACT] Water polygon: pts=51, holes=0, subclass=water, rgb565=0xae9b
[EXTRACT] Water polygon: pts=25, holes=0, subclass=water, rgb565=0xae9b
[EXTRACT] Water polygon: pts=71, holes=0, subclass=water, rgb565=0xae9b
[EXTRACT] Water polygon: pts=220, holes=0, subclass=water, rgb565=0xae9b
[EXTRACT] Water polygon: pts=37, holes=0, subclass=water, rgb565=0xae9b
[EXTRACT] Water polygon: pts=21, holes=0, subclass=water, rgb565=0xae9b
[EXTRACT] Water polygon: pts=36, holes=0, subclass=water, rgb565=0xae9b
[EXTRACT] Water polygon: pts=27, holes=0, subclass=water, rgb565=0xae9b
[EXTRACT] Water polygon: pts=23, holes=0, subclass=water, rgb565=0xae9b
[EXTRACT] Water polygon: pts=22, holes=0, subclass=water, rgb565=0xae9b
[EXTRACT] Water polygon: pts=162, holes=0, subclass=water, rgb565=0xae9b
[EXTRACT] Water polygon: pts=87, holes=0, subclass=water, rgb565=0xae9b
[EXTRACT] Water polygon: pts=78, holes=0, subclass=water, rgb565=0xae9b
[EXTRACT] Water polygon: pts=86, holes=0, subclass=water, rgb565=0xae9b
[EXTRACT] Water polygon: pts=81, holes=0, subclass=water, rgb565=0xae9b
[EXTRACT] Water polygon: pts=27, holes=0, subclass=water, rgb565=0xae9b
[EXTRACT] Water polygon: pts=27, holes=0, subclass=water, rgb565=0xae9b
[EXTRACT] Water polygon: pts=43, holes=0, subclass=water, rgb565=0xae9b
[EXTRACT] Water polygon: pts=415, holes=0, subclass=water, rgb565=0xae9b
[EXTRACT] Water polygon: pts=41, holes=0, subclass=water, rgb565=0xae9b
[EXTRACT] Water polygon: pts=41, holes=0, subclass=water, rgb565=0xae9b
[EXTRACT] Water polygon: pts=24, holes=0, subclass=water, rgb565=0xae9b
[EXTRACT] Water polygon: pts=185, holes=0, subclass=water, rgb565=0xae9b
[EXTRACT] Water polygon: pts=27, holes=0, subclass=water, rgb565=0xae9b
[EXTRACT] Water polygon: pts=34, holes=0, subclass=water, rgb565=0xae9b
[EXTRACT] Water polygon: pts=21, holes=0, subclass=water, rgb565=0xae9b
[EXTRACT] Water polygon: pts=38, holes=0, subclass=water, rgb565=0xae9b
[EXTRACT] Water polygon: pts=31, holes=0, subclass=water, rgb565=0xae9b
[EXTRACT] Water polygon: pts=91, holes=0, subclass=water, rgb565=0xae9b
[EXTRACT] Water polygon: pts=91, holes=0, subclass=water, rgb565=0xae9b
[EXTRACT] Water polygon: pts=91, holes=0, subclass=water, rgb565=0xae9b
[EXTRACT] Water polygon: pts=41, holes=0, subclass=water, rgb565=0xae9b
[EXTRACT] Water polygon: pts=59, holes=0, subclass=water, rgb565=0xae9b
[EXTRACT] Water polygon: pts=22, holes=0, subclass=water, rgb565=0xae9b
[EXTRACT] Water polygon: pts=22, holes=0, subclass=water, rgb565=0xae9b
[EXTRACT] Water polygon: pts=22, holes=0, subclass=water, rgb565=0xae9b
[EXTRACT] Water polygon: pts=514, holes=0, subclass=water, rgb565=0xae9b
[EXTRACT] Water polygon: pts=183, holes=0, subclass=water, rgb565=0xae9b
[EXTRACT] Water polygon: pts=383, holes=0, subclass=water, rgb565=0xae9b
[EXTRACT] Water polygon: pts=54, holes=0, subclass=water, rgb565=0xae9b
[EXTRACT] Water polygon: pts=30, holes=0, subclass=water, rgb565=0xae9b
[EXTRACT] Water polygon: pts=405, holes=0, subclass=water, rgb565=0xae9b
[EXTRACT] Water polygon: pts=27, holes=0, subclass=water, rgb565=0xae9b
[EXTRACT] Water polygon: pts=298, holes=0, subclass=water, rgb565=0xae9b
[EXTRACT] Water polygon: pts=221, holes=0, subclass=water, rgb565=0xae9b
[EXTRACT] Water polygon: pts=104, holes=0, subclass=water, rgb565=0xae9b
[EXTRACT] Water polygon: pts=29, holes=0, subclass=water, rgb565=0xae9b
[EXTRACT] Water polygon: pts=47, holes=0, subclass=water, rgb565=0xae9b
[EXTRACT] Water polygon: pts=21, holes=0, subclass=water, rgb565=0xae9b
[EXTRACT] Water polygon: pts=27, holes=0, subclass=wetland, rgb565=0xae9b
[EXTRACT] Water polygon: pts=30, holes=0, subclass=wetland, rgb565=0xae9b
[EXTRACT] Water polygon: pts=22, holes=0, subclass=water, rgb565=0xae9b
[EXTRACT] Water polygon: pts=26, holes=0, subclass=water, rgb565=0xae9b
[EXTRACT] Water polygon: pts=38, holes=0, subclass=water, rgb565=0xae9b
[EXTRACT] Water polygon: pts=51, holes=0, subclass=water, rgb565=0xae9b
[EXTRACT] Water polygon: pts=49, holes=1, subclass=water, rgb565=0xae9b
[EXTRACT] Water polygon: pts=34, holes=1, subclass=water, rgb565=0xae9b
[EXTRACT] Water polygon: pts=22, holes=0, subclass=water, rgb565=0xae9b
[EXTRACT] Water polygon: pts=80, holes=0, subclass=water, rgb565=0xae9b
[EXTRACT] Water polygon: pts=24, holes=0, subclass=water, rgb565=0xae9b
[EXTRACT] Water polygon: pts=26, holes=0, subclass=water, rgb565=0xae9b
[EXTRACT] Water polygon: pts=29, holes=0, subclass=water, rgb565=0xae9b
[EXTRACT] Water polygon: pts=139, holes=0, subclass=water, rgb565=0xae9b
[EXTRACT] Water polygon: pts=28, holes=0, subclass=water, rgb565=0xae9b
[EXTRACT] Water polygon: pts=24, holes=0, subclass=water, rgb565=0xae9b
[EXTRACT] Water polygon: pts=137, holes=0, subclass=water, rgb565=0xae9b
[EXTRACT] Water polygon: pts=33, holes=0, subclass=water, rgb565=0xae9b
[EXTRACT] Water polygon: pts=26, holes=0, subclass=water, rgb565=0xae9b
[EXTRACT] Water polygon: pts=52, holes=0, subclass=water, rgb565=0xae9b
[EXTRACT] Water polygon: pts=35, holes=0, subclass=water, rgb565=0xae9b
[EXTRACT] Water polygon: pts=317, holes=0, subclass=water, rgb565=0xae9b
[EXTRACT] Water polygon: pts=158, holes=0, subclass=water, rgb565=0xae9b
[EXTRACT] Water polygon: pts=209, holes=0, subclass=water, rgb565=0xae9b
[EXTRACT] Water polygon: pts=505, holes=0, subclass=water, rgb565=0xae9b
[EXTRACT] Water polygon: pts=25, holes=0, subclass=water, rgb565=0xae9b
[EXTRACT] Water polygon: pts=176, holes=0, subclass=water, rgb565=0xae9b
[EXTRACT] Water polygon: pts=21, holes=0, subclass=water, rgb565=0xae9b
[EXTRACT] Water polygon: pts=64, holes=0, subclass=water, rgb565=0xae9b
[EXTRACT] Water polygon: pts=135, holes=0, subclass=water, rgb565=0xae9b
[EXTRACT] Water polygon: pts=97, holes=0, subclass=water, rgb565=0xae9b
[EXTRACT] Water polygon: pts=44, holes=0, subclass=water, rgb565=0xae9b
[EXTRACT] Water polygon: pts=57, holes=0, subclass=water, rgb565=0xae9b
[EXTRACT] Water polygon: pts=31, holes=0, subclass=water, rgb565=0xae9b
[EXTRACT] Water polygon: pts=92, holes=0, subclass=water, rgb565=0xae9b
[EXTRACT] Water polygon: pts=26, holes=0, subclass=water, rgb565=0xae9b
[EXTRACT] Water polygon: pts=34, holes=0, subclass=water, rgb565=0xae9b
[EXTRACT] Water polygon: pts=136, holes=0, subclass=water, rgb565=0xae9b
[EXTRACT] Water polygon: pts=349, holes=0, subclass=water, rgb565=0xae9b
[EXTRACT] Water polygon: pts=42, holes=0, subclass=water, rgb565=0xae9b
[EXTRACT] Water polygon: pts=83, holes=0, subclass=water, rgb565=0xae9b
[EXTRACT] Water polygon: pts=21, holes=0, subclass=water, rgb565=0xae9b
[EXTRACT] Water polygon: pts=21, holes=0, subclass=water, rgb565=0xae9b
[EXTRACT] Water polygon: pts=25, holes=0, subclass=water, rgb565=0xae9b
[EXTRACT] Water polygon: pts=23, holes=1, subclass=water, rgb565=0xae9b
[EXTRACT] Water polygon: pts=23, holes=0, subclass=water, rgb565=0xae9b
[EXTRACT] Water polygon: pts=27, holes=0, subclass=water, rgb565=0xae9b
[EXTRACT] Water polygon: pts=26, holes=1, subclass=water, rgb565=0xae9b
[EXTRACT] Water polygon: pts=81, holes=0, subclass=water, rgb565=0xae9b
[EXTRACT] Water polygon: pts=52, holes=0, subclass=water, rgb565=0xae9b
[EXTRACT] Water polygon: pts=38, holes=0, subclass=water, rgb565=0xae9b
[EXTRACT] Water polygon: pts=45, holes=0, subclass=water, rgb565=0xae9b
[EXTRACT] Water polygon: pts=206, holes=1, subclass=water, rgb565=0xae9b
[EXTRACT] Water polygon: pts=45, holes=0, subclass=water, rgb565=0xae9b
[EXTRACT] Water polygon: pts=126, holes=0, subclass=water, rgb565=0xae9b
[EXTRACT] Water polygon: pts=81, holes=0, subclass=water, rgb565=0xae9b
[EXTRACT] Water polygon: pts=443, holes=0, subclass=water, rgb565=0xae9b
[EXTRACT] Water polygon: pts=49, holes=0, subclass=water, rgb565=0xae9b
[EXTRACT] Water polygon: pts=74, holes=0, subclass=water, rgb565=0xae9b
[EXTRACT] Water polygon: pts=27, holes=0, subclass=water, rgb565=0xae9b
[EXTRACT] Water polygon: pts=21, holes=0, subclass=water, rgb565=0xae9b
[EXTRACT] Water polygon: pts=305, holes=1, subclass=water, rgb565=0xae9b
[EXTRACT] Water polygon: pts=25, holes=0, subclass=water, rgb565=0xae9b
[EXTRACT] Water polygon: pts=29, holes=0, subclass=water, rgb565=0xae9b
[EXTRACT] Water polygon: pts=126, holes=3, subclass=water, rgb565=0xae9b
[EXTRACT] Water polygon: pts=44, holes=0, subclass=water, rgb565=0xae9b
[EXTRACT] Water polygon: pts=106, holes=1, subclass=water, rgb565=0xae9b
[EXTRACT] Water polygon: pts=106, holes=0, subclass=water, rgb565=0xae9b
[EXTRACT] Water polygon: pts=25, holes=0, subclass=water, rgb565=0xae9b
[EXTRACT] Water polygon: pts=21, holes=0, subclass=water, rgb565=0xae9b
[EXTRACT] Water polygon: pts=33, holes=0, subclass=water, rgb565=0xae9b
  Progress: 405,442 ways, 28,828 features [0m 50s][EXTRACT] Water polygon: pts=32, holes=0, subclass=water, rgb565=0xae9b
[EXTRACT] Water polygon: pts=67, holes=0, subclass=water, rgb565=0xae9b
[EXTRACT] Water polygon: pts=241, holes=0, subclass=water, rgb565=0xae9b
[EXTRACT] Water polygon: pts=22, holes=0, subclass=water, rgb565=0xae9b
[EXTRACT] Water polygon: pts=21, holes=0, subclass=water, rgb565=0xae9b
[EXTRACT] Water polygon: pts=27, holes=0, subclass=water, rgb565=0xae9b
[EXTRACT] Water polygon: pts=35, holes=0, subclass=wetland, rgb565=0xae9b
[EXTRACT] Water polygon: pts=31, holes=0, subclass=water, rgb565=0xae9b
[EXTRACT] Water polygon: pts=27, holes=0, subclass=water, rgb565=0xae9b
[EXTRACT] Water polygon: pts=24, holes=0, subclass=water, rgb565=0xae9b
[EXTRACT] Water polygon: pts=23, holes=0, subclass=water, rgb565=0xae9b
[EXTRACT] Water polygon: pts=45, holes=1, subclass=water, rgb565=0xae9b
[EXTRACT] Water polygon: pts=31, holes=0, subclass=water, rgb565=0xae9b
[EXTRACT] Water polygon: pts=51, holes=0, subclass=water, rgb565=0xae9b
[EXTRACT] Water polygon: pts=22, holes=0, subclass=water, rgb565=0xae9b
[EXTRACT] Water polygon: pts=33, holes=1, subclass=water, rgb565=0xae9b
[EXTRACT] Water polygon: pts=24, holes=0, subclass=water, rgb565=0xae9b
[EXTRACT] Water polygon: pts=26, holes=1, subclass=water, rgb565=0xae9b
[EXTRACT] Water polygon: pts=23, holes=0, subclass=water, rgb565=0xae9b
[EXTRACT] Water polygon: pts=22, holes=0, subclass=water, rgb565=0xae9b
[EXTRACT] Water polygon: pts=25, holes=0, subclass=water, rgb565=0xae9b
[EXTRACT] Water polygon: pts=30, holes=0, subclass=water, rgb565=0xae9b
[EXTRACT] Water polygon: pts=22, holes=1, subclass=water, rgb565=0xae9b
[EXTRACT] Water polygon: pts=27, holes=0, subclass=wetland, rgb565=0xae9b
[EXTRACT] Water polygon: pts=36, holes=0, subclass=wetland, rgb565=0xae9b
[EXTRACT] Water polygon: pts=21, holes=0, subclass=water, rgb565=0xae9b
[EXTRACT] Water polygon: pts=21, holes=0, subclass=water, rgb565=0xae9b
[EXTRACT] Water polygon: pts=29, holes=0, subclass=water, rgb565=0xae9b
[EXTRACT] Water polygon: pts=32, holes=0, subclass=water, rgb565=0xae9b
[EXTRACT] Water polygon: pts=44, holes=0, subclass=water, rgb565=0xae9b
[EXTRACT] Water polygon: pts=23, holes=0, subclass=water, rgb565=0xae9b
[EXTRACT] Water polygon: pts=23, holes=0, subclass=water, rgb565=0xae9b
[EXTRACT] Water polygon: pts=23, holes=0, subclass=water, rgb565=0xae9b
[EXTRACT] Water polygon: pts=240, holes=1, subclass=water, rgb565=0xae9b
[EXTRACT] Water polygon: pts=22, holes=0, subclass=water, rgb565=0xae9b
[EXTRACT] Water polygon: pts=21, holes=0, subclass=water, rgb565=0xae9b
[EXTRACT] Water polygon: pts=26, holes=0, subclass=water, rgb565=0xae9b
[EXTRACT] Water polygon: pts=23, holes=0, subclass=water, rgb565=0xae9b
[EXTRACT] Water polygon: pts=26, holes=0, subclass=water, rgb565=0xae9b
[EXTRACT] Water polygon: pts=22, holes=0, subclass=water, rgb565=0xae9b
[EXTRACT] Water polygon: pts=30, holes=0, subclass=water, rgb565=0xae9b
[EXTRACT] Water polygon: pts=47, holes=0, subclass=water, rgb565=0xae9b
[EXTRACT] Water polygon: pts=27, holes=0, subclass=water, rgb565=0xae9b
[EXTRACT] Water polygon: pts=143, holes=0, subclass=water, rgb565=0xae9b
[EXTRACT] Water polygon: pts=30, holes=0, subclass=water, rgb565=0xae9b
[EXTRACT] Water polygon: pts=40, holes=1, subclass=water, rgb565=0xae9b
[EXTRACT] Water polygon: pts=28, holes=0, subclass=water, rgb565=0xae9b
[EXTRACT] Water polygon: pts=26, holes=0, subclass=water, rgb565=0xae9b
[EXTRACT] Water polygon: pts=27, holes=0, subclass=water, rgb565=0xae9b
[EXTRACT] Water polygon: pts=27, holes=0, subclass=water, rgb565=0xae9b
[EXTRACT] Water polygon: pts=114, holes=0, subclass=water, rgb565=0xae9b
[EXTRACT] Water polygon: pts=221, holes=0, subclass=water, rgb565=0xae9b
[EXTRACT] Water polygon: pts=271, holes=0, subclass=water, rgb565=0xae9b
[EXTRACT] Water polygon: pts=33, holes=1, subclass=water, rgb565=0xae9b
[EXTRACT] Water polygon: pts=23, holes=0, subclass=wetland, rgb565=0xae9b
[EXTRACT] Water polygon: pts=33, holes=0, subclass=wetland, rgb565=0xae9b
[EXTRACT] Water polygon: pts=23, holes=0, subclass=water, rgb565=0xae9b
[EXTRACT] Water polygon: pts=26, holes=0, subclass=water, rgb565=0xae9b
[EXTRACT] Water polygon: pts=24, holes=0, subclass=water, rgb565=0xae9b
[EXTRACT] Water polygon: pts=22, holes=0, subclass=water, rgb565=0xae9b
[EXTRACT] Water polygon: pts=50, holes=0, subclass=water, rgb565=0xae9b
[EXTRACT] Water polygon: pts=22, holes=0, subclass=water, rgb565=0xae9b
[EXTRACT] Water polygon: pts=40, holes=0, subclass=water, rgb565=0xae9b
[EXTRACT] Water polygon: pts=85, holes=0, subclass=water, rgb565=0xae9b
[EXTRACT] Water polygon: pts=32, holes=0, subclass=water, rgb565=0xae9b
[EXTRACT] Water polygon: pts=27, holes=0, subclass=water, rgb565=0xae9b
[EXTRACT] Water polygon: pts=25, holes=0, subclass=water, rgb565=0xae9b
[EXTRACT] Water polygon: pts=667, holes=1, subclass=water, rgb565=0xae9b
[EXTRACT] Water polygon: pts=40, holes=0, subclass=water, rgb565=0xae9b
  Progress: 521,921 ways, 52,459 features [0m 55s]2026-02-11 16:09:01,860 - INFO - Processing completed in 57.12s
2026-02-11 16:09:01,860 - INFO - Statistics:
2026-02-11 16:09:01,860 - INFO -   Nodes (peaks): 0
2026-02-11 16:09:01,860 - INFO -   Text labels (places): 87
2026-02-11 16:09:01,860 - INFO -   Ways processed: 557,800
2026-02-11 16:09:01,860 - INFO -   Areas processed: 437,966
2026-02-11 16:09:01,860 - INFO -   Boundary ways extracted: 0
2026-02-11 16:09:01,860 - INFO -   Features extracted: 57,492
2026-02-11 16:09:01,860 - INFO -   Features filtered: 513,906
2026-02-11 16:09:01,860 - INFO -   Area filter breakdown:
2026-02-11 16:09:01,860 - INFO -     - Boundary admin: 39
2026-02-11 16:09:01,860 - INFO -     - Not in config: 12,089
2026-02-11 16:09:01,860 - INFO -     - No layer mapping: 159
2026-02-11 16:09:01,860 - INFO -     - Zoom filtered: 412,171
2026-02-11 16:09:01,860 - INFO -     - Exceptions: 0
2026-02-11 16:09:01,860 - INFO - Calculating bounding box from polygons only (useful area)...
2026-02-11 16:09:01,920 - INFO -   BBox from 25,681 polygons
2026-02-11 16:09:01,920 - INFO -   BBox: lon=[1.1965, 1.5796], lat=[43.4961, 43.6854]
2026-02-11 16:09:01,920 - INFO - Generating NAV tile files...
[EXTRACT] Water polygon: pts=54, holes=1, subclass=water, rgb565=0xae9b
[EXTRACT] Water polygon: pts=58, holes=0, subclass=water, rgb565=0xae9b
[EXTRACT] Water polygon: pts=21, holes=0, subclass=water, rgb565=0xae9b
[EXTRACT] Water polygon: pts=106, holes=0, subclass=water, rgb565=0xae9b
[EXTRACT] Water polygon: pts=28, holes=0, subclass=water, rgb565=0xae9b
[EXTRACT] Water polygon: pts=21, holes=0, subclass=water, rgb565=0xae9b
[EXTRACT] Water polygon: pts=26, holes=0, subclass=water, rgb565=0xae9b

  Zoom 12: Preparing features... 25,000 / 57,579  Zoom 12: Preparing features... 50,000 / 57,579  Zoom 12: Labels: 85 placed, 9 filtered (proximity), 22 dropped (overlap)

2026-02-11 16:09:02,279 - DEBUG -   Tile 2061,1494: Filtered 10 polygons by area at z12
2026-02-11 16:09:02,280 - DEBUG -   Tile 2061,1494: Merge: 0 groups merged, 0/0 holes removed, 0 sharding fallbacks
2026-02-11 16:09:02,287 - DEBUG -   Tile 2061,1494: Write: 35 features, 0 filtered by area (<2.0px²), 0/0 holes removed (<20.0px²)
  Zoom 12: Tiles [█░░░░░░░░░░░░░░░░░░░░░░░░] 1/202026-02-11 16:09:02,304 - DEBUG -   Tile 2062,1494: Filtered 359 polygons by area at z12
2026-02-11 16:09:02,316 - DEBUG -   Tile 2062,1494: Merge: 0 groups merged, 0/0 holes removed, 0 sharding fallbacks
2026-02-11 16:09:02,344 - DEBUG -   Tile 2065,1494: Filtered 315 polygons by area at z12
2026-02-11 16:09:02,351 - DEBUG -   Tile 2063,1494: Filtered 1220 polygons by area at z12
2026-02-11 16:09:02,355 - DEBUG -   Tile 2065,1494: Merge: 0 groups merged, 0/0 holes removed, 0 sharding fallbacks
2026-02-11 16:09:02,356 - DEBUG -   Tile 2064,1494: Filtered 814 polygons by area at z12
2026-02-11 16:09:02,371 - DEBUG -   Tile 2063,1494: Merge: 0 groups merged, 0/0 holes removed, 0 sharding fallbacks
2026-02-11 16:09:02,374 - DEBUG -   Tile 2064,1494: Merge: 0 groups merged, 0/0 holes removed, 0 sharding fallbacks
2026-02-11 16:09:02,427 - DEBUG -   Tile 2062,1494: Write: 644 features, 3 filtered by area (<2.0px²), 55/64 holes removed (<20.0px²)
  Zoom 12: Tiles [██░░░░░░░░░░░░░░░░░░░░░░░] 2/202026-02-11 16:09:02,432 - DEBUG -   Tile 2061,1495: Filtered 64 polygons by area at z12
2026-02-11 16:09:02,435 - DEBUG -   Tile 2061,1495: Merge: 0 groups merged, 0/0 holes removed, 0 sharding fallbacks
2026-02-11 16:09:02,465 - DEBUG -   Tile 2061,1495: Write: 154 features, 0 filtered by area (<2.0px²), 2/2 holes removed (<20.0px²)
  Zoom 12: Tiles [███░░░░░░░░░░░░░░░░░░░░░░] 3/20[FILTER_AREA z12] Water polygon FILTERED: pts=42, area=0.000000011 < min=0.000001414
[FILTER_AREA z12] Water polygon FILTERED: pts=39, area=0.000000216 < min=0.000001414
[FILTER_AREA z12] Water polygon FILTERED: pts=39, area=0.000000015 < min=0.000001414
[FILTER_AREA z12] Water polygon FILTERED: pts=54, area=0.000000008 < min=0.000001414
[FILTER_AREA z12] Water polygon FILTERED: pts=39, area=0.000000004 < min=0.000001414
[FILTER_AREA z12] Water polygon FILTERED: pts=26, area=0.000000002 < min=0.000001414
[FILTER_AREA z12] Water polygon FILTERED: pts=81, area=0.000000201 < min=0.000001414
[FILTER_AREA z12] Water polygon FILTERED: pts=29, area=0.000000003 < min=0.000001414
[FILTER_AREA z12] Water polygon FILTERED: pts=97, area=0.000000026 < min=0.000001414
[FILTER_AREA z12] Water polygon FILTERED: pts=160, area=0.000000044 < min=0.000001414
[FILTER_AREA z12] Water polygon FILTERED: pts=22, area=0.000000097 < min=0.000001414
[FILTER_AREA z12] Water polygon FILTERED: pts=29, area=0.000000038 < min=0.000001414
[FILTER_AREA z12] Water polygon FILTERED: pts=51, area=0.000000091 < min=0.000001414
[FILTER_AREA z12] Water polygon FILTERED: pts=25, area=0.000000016 < min=0.000001414
[FILTER_AREA z12] Water polygon FILTERED: pts=220, area=0.000000116 < min=0.000001414
[FILTER_AREA z12] Water polygon FILTERED: pts=37, area=0.000000126 < min=0.000001414
[FILTER_AREA z12] Water polygon FILTERED: pts=21, area=0.000000006 < min=0.000001414
[FILTER_AREA z12] Water polygon FILTERED: pts=30, area=0.000000518 < min=0.000001414
[FILTER_AREA z12] Water polygon FILTERED: pts=45, area=0.000000348 < min=0.000001414
[WRITE] Large polygon: pts=124, layer='', rgb565=0xe6fb
[WRITE] Large polygon: pts=124, layer='landuse', rgb565=0xe6fb
[WRITE] Large polygon: pts=141, layer='', rgb565=0xe6fb
[WRITE] Large polygon: pts=141, layer='landuse', rgb565=0xe6fb
[WRITE] Large polygon: pts=108, layer='landuse', rgb565=0xe6fb
[WRITE] Large polygon: pts=656, layer='landuse', rgb565=0xe6fb
[WRITE] Large polygon: pts=143, layer='', rgb565=0xae93
[WRITE] Large polygon: pts=143, layer='landuse', rgb565=0xae93
[WRITE] Large polygon: pts=133, layer='', rgb565=0xae93
[WRITE] Large polygon: pts=121, layer='', rgb565=0xae93
[WRITE] Large polygon: pts=313, layer='landuse', rgb565=0xae93
[WRITE] Large polygon: pts=133, layer='landuse', rgb565=0xae93
[WRITE] Large polygon: pts=139, layer='landuse', rgb565=0xae93
[WRITE] Large polygon: pts=121, layer='landuse', rgb565=0xae93
[WRITE] Large polygon: pts=142, layer='', rgb565=0xef9a
[WRITE] Large polygon: pts=142, layer='landuse', rgb565=0xef9a
[WRITE] Large polygon: pts=142, layer='landuse', rgb565=0xef9a
[WRITE] Large polygon: pts=306, layer='landuse', rgb565=0xef9a
[WRITE] Large polygon: pts=128, layer='', rgb565=0xef9a
[WRITE] Large polygon: pts=128, layer='landuse', rgb565=0xef9a
[WRITE] Large polygon: pts=494, layer='landuse', rgb565=0xef9a
[WRITE] Large polygon: pts=158, layer='', rgb565=0xceb5
[WRITE] Large polygon: pts=158, layer='landuse', rgb565=0xceb5
[WRITE] Large polygon: pts=125, layer='landuse', rgb565=0xcf56
[NO_SIMP] Water polygon: 71 points NOT simplified
[PROJ z12] Water 2062/1494: pts=71, lon_range=0.001753°, lat_range=0.001742°, px_range=81, py_range=112, pixel_area=35.4px²
[WRITE] Large polygon: pts=405, layer='', rgb565=0xae9b
[WRITE] Large polygon: pts=405, layer='water', rgb565=0xae9b
[CLIP_IN z12] Water 2062/1494: pts=405, lon=1.30766 to 1.32968, lat=43.63266 to 43.64802
[CLIP_OUT z12] Water 2062/1494: 405 pts -> 1 parts, types=['MultiPolygon']
[NO_SIMP] Water polygon: 179 points NOT simplified
[NO_SIMP] Water polygon: 37 points NOT simplified
[PROJ z12] Water 2062/1494: pts=179, lon_range=0.011055°, lat_range=0.005499°, px_range=515, py_range=354, pixel_area=0.0px²
[PROJ z12] Water 2062/1494: pts=37, lon_range=0.003589°, lat_range=0.000658°, px_range=167, py_range=43, pixel_area=0.0px²
[NO_SIMP] Water polygon: 67 points NOT simplified
[PROJ z12] Water 2062/1494: pts=67, lon_range=0.007080°, lat_range=0.002647°, px_range=330, py_range=170, pixel_area=117.3px²
[FILTER_AREA z12] Water polygon FILTERED: pts=38, area=0.000000509 < min=0.000001414
[WRITE] Large polygon: pts=110, layer='landuse', rgb565=0xef9a
[WRITE] Large polygon: pts=235, layer='', rgb565=0xae93
[WRITE] Large polygon: pts=311, layer='', rgb565=0xae93
[WRITE] Large polygon: pts=327, layer='', rgb565=0xae93
[WRITE] Large polygon: pts=235, layer='landuse', rgb565=0xae93
[WRITE] Large polygon: pts=311, layer='landuse', rgb565=0xae93
[WRITE] Large polygon: pts=327, layer='landuse', rgb565=0xae93
[WRITE] Large polygon: pts=630, layer='landuse', rgb565=0xe6fb
[WRITE] Large polygon: pts=102, layer='', rgb565=0xae9b
[WRITE] Large polygon: pts=102, layer='water', rgb565=0xae9b
[CLIP_IN z12] Water 2061/1495: pts=102, lon=1.22327 to 1.22777, lat=43.58504 to 43.58816
[CLIP_OUT z12] Water 2061/1495: 102 pts -> 1 parts, types=['Polygon']
[NO_SIMP] Water polygon: 102 points NOT simplified
[PROJ z12] Water 2061/1495: pts=102, lon_range=0.004503°, lat_range=0.003117°, px_range=210, py_range=200, pixel_area=164.1px²
[NO_SIMP] Water polygon: 41 points NOT simplified
[PROJ z12] Water 2061/1495: pts=41, lon_range=0.003933°, lat_range=0.001267°, px_range=183, py_range=82, pixel_area=58.6px²
[FILTER_AREA z12] Water polygon FILTERED: pts=21, area=0.000000017 < min=0.000001414
[FILTER_AREA z12] Water polygon FILTERED: pts=58, area=0.000000306 < min=0.000001414
[FILTER_AREA z12] Water polygon FILTERED: pts=21, area=0.000000022 < min=0.000001414
[FILTER_AREA z12] Water polygon FILTERED: pts=32, area=0.000000014 < min=0.000001414
[FILTER_AREA z12] Water polygon FILTERED: pts=33, area=0.000000096 < min=0.000001414
[FILTER_AREA z12] Water polygon FILTERED: pts=109, area=0.000000098 < min=0.000001414
[FILTER_AREA z12] Water polygon FILTERED: pts=68, area=0.000000106 < min=0.000001414
[FILTER_AREA z12] Water polygon FILTERED: pts=111, area=0.000000761 < min=0.000001414
[FILTER_AREA z12] Water polygon FILTERED: pts=28, area=0.000000002 < min=0.000001414
[FILTER_AREA z12] Water polygon FILTERED: pts=39, area=0.000000665 < min=0.000001414
[FILTER_AREA z12] Water polygon FILTERED: pts=90, area=0.000000016 < min=0.000001414
[FILTER_AREA z12] Water polygon FILTERED: pts=27, area=0.000000324 < min=0.000001414
[FILTER_AREA z12] Water polygon FILTERED: pts=27, area=0.000000029 < min=0.000001414
[FILTER_AREA z12] Water polygon FILTERED: pts=27, area=0.000000036 < min=0.000001414
[FILTER_AREA z12] Water polygon FILTERED: pts=43, area=0.000000157 < min=0.000001414
[FILTER_AREA z12] Water polygon FILTERED: pts=41, area=0.000000692 < min=0.000001414
[FILTER_AREA z12] Water polygon FILTERED: pts=24, area=0.000000778 < min=0.000001414
[FILTER_AREA z12] Water polygon FILTERED: pts=185, area=0.000000659 < min=0.000001414
[FILTER_AREA z12] Water polygon FILTERED: pts=27, area=0.000000010 < min=0.000001414
[FILTER_AREA z12] Water polygon FILTERED: pts=34, area=0.000000720 < min=0.000001414
[FILTER_AREA z12] Water polygon FILTERED: pts=21, area=0.000000379 < min=0.000001414
[FILTER_AREA z12] Water polygon FILTERED: pts=38, area=0.000000056 < min=0.000001414
[FILTER_AREA z12] Water polygon FILTERED: pts=31, area=0.000000160 < min=0.000001414
[FILTER_AREA z12] Water polygon FILTERED: pts=91, area=0.000000028 < min=0.000001414
[FILTER_AREA z12] Water polygon FILTERED: pts=91, area=0.000000013 < min=0.000001414
[FILTER_AREA z12] Water polygon FILTERED: pts=91, area=0.000000017 < min=0.000001414
[FILTER_AREA z12] Water polygon FILTERED: pts=24, area=0.000000074 < min=0.000001414
[FILTER_AREA z12] Water polygon FILTERED: pts=25, area=0.000001305 < min=0.000001414
[FILTER_AREA z12] Water polygon FILTERED: pts=21, area=0.000000139 < min=0.000001414
[FILTER_AREA z12] Water polygon FILTERED: pts=22, area=0.000000134 < min=0.000001414
[FILTER_AREA z12] Water polygon FILTERED: pts=22, area=0.000000324 < min=0.000001414
[FILTER_AREA z12] Water polygon FILTERED: pts=25, area=0.000000151 < min=0.000001414
[FILTER_AREA z12] Water polygon FILTERED: pts=22, area=0.000000045 < min=0.000001414
[FILTER_AREA z12] Water polygon FILTERED: pts=23, area=0.000000047 < min=0.000001414
[FILTER_AREA z12] Water polygon FILTERED: pts=23, area=0.000000048 < min=0.0000014142026-02-11 16:09:02,550 - DEBUG -   Tile 2062,1495: Filtered 1636 polygons by area at z12
2026-02-11 16:09:02,552 - DEBUG -   Tile 2065,1494: Write: 1242 features, 6 filtered by area (<2.0px²), 6/6 holes removed (<20.0px²)
  Zoom 12: Tiles [█████░░░░░░░░░░░░░░░░░░░░] 4/202026-02-11 16:09:02,585 - DEBUG -   Tile 2062,1495: Merge: 0 groups merged, 0/0 holes removed, 0 sharding fallbacks
2026-02-11 16:09:02,694 - DEBUG -   Tile 2063,1494: Write: 2134 features, 6 filtered by area (<2.0px²), 29/33 holes removed (<20.0px²)
  Zoom 12: Tiles [██████░░░░░░░░░░░░░░░░░░░] 5/202026-02-11 16:09:02,706 - DEBUG -   Tile 2063,1495: Filtered 3922 polygons by area at z12
2026-02-11 16:09:02,716 - DEBUG -   Tile 2064,1494: Write: 2224 features, 8 filtered by area (<2.0px²), 23/23 holes removed (<20.0px²)
  Zoom 12: Tiles [███████░░░░░░░░░░░░░░░░░░] 6/202026-02-11 16:09:02,737 - DEBUG -   Tile 2063,1495: Merge: 0 groups merged, 0/0 holes removed, 0 sharding fallbacks
2026-02-11 16:09:02,787 - DEBUG -   Tile 2065,1495: Filtered 1495 polygons by area at z12
[FILTER_AREA z12] Water polygon FILTERED: pts=38, area=0.000000785 < min=0.000001414
[FILTER_AREA z12] Water polygon FILTERED: pts=29, area=0.000000249 < min=0.000001414
[FILTER_AREA z12] Water polygon FILTERED: pts=32, area=0.000000938 < min=0.000001414
[FILTER_AREA z12] Water polygon FILTERED: pts=123, area=0.000000963 < min=0.000001414
[FILTER_AREA z12] Water polygon FILTERED: pts=114, area=0.000000099 < min=0.000001414
[FILTER_AREA z12] Water polygon FILTERED: pts=93, area=0.000000055 < min=0.000001414
[FILTER_AREA z12] Water polygon FILTERED: pts=27, area=0.000000177 < min=0.000001414
[FILTER_AREA z12] Water polygon FILTERED: pts=27, area=0.000001141 < min=0.000001414
[FILTER_AREA z12] Water polygon FILTERED: pts=30, area=0.000000393 < min=0.000001414
[FILTER_AREA z12] Water polygon FILTERED: pts=28, area=0.000000256 < min=0.000001414
[FILTER_AREA z12] Water polygon FILTERED: pts=24, area=0.000000579 < min=0.000001414
[FILTER_AREA z12] Water polygon FILTERED: pts=25, area=0.000000783 < min=0.000001414
[FILTER_AREA z12] Water polygon FILTERED: pts=32, area=0.000000168 < min=0.000001414
[FILTER_AREA z12] Water polygon FILTERED: pts=44, area=0.000000529 < min=0.000001414
[FILTER_AREA z12] Water polygon FILTERED: pts=30, area=0.000000194 < min=0.000001414
[FILTER_AREA z12] Water polygon FILTERED: pts=47, area=0.000000458 < min=0.000001414
[FILTER_AREA z12] Water polygon FILTERED: pts=27, area=0.000000436 < min=0.000001414
[FILTER_AREA z12] Water polygon FILTERED: pts=114, area=0.000000801 < min=0.000001414
[FILTER_AREA z12] Water polygon FILTERED: pts=32, area=0.000000039 < min=0.000001414
[WRITE] Large polygon: pts=211, layer='', rgb565=0xae93
[WRITE] Large polygon: pts=106, layer='', rgb565=0xae93
[WRITE] Large polygon: pts=211, layer='landuse', rgb565=0xae93
[WRITE] Large polygon: pts=106, layer='landuse', rgb565=0xae93
[WRITE] Large polygon: pts=141, layer='landuse', rgb565=0xae93
[WRITE] Large polygon: pts=133, layer='', rgb565=0xae93
[WRITE] Large polygon: pts=138, layer='landuse', rgb565=0xae93
[WRITE] Large polygon: pts=133, layer='landuse', rgb565=0xae93
[WRITE] Large polygon: pts=230, layer='landuse', rgb565=0xae93
[WRITE] Large polygon: pts=142, layer='', rgb565=0xae93
[WRITE] Large polygon: pts=142, layer='landuse', rgb565=0xae93
[WRITE] Large polygon: pts=188, layer='', rgb565=0xae93
[WRITE] Large polygon: pts=188, layer='landuse', rgb565=0xae93
[WRITE] Large polygon: pts=287, layer='', rgb565=0xe6fb
[WRITE] Large polygon: pts=287, layer='landuse', rgb565=0xe6fb
[WRITE] Large polygon: pts=128, layer='landuse', rgb565=0xe6fb
[WRITE] Large polygon: pts=121, layer='', rgb565=0xe6fb
[WRITE] Large polygon: pts=121, layer='landuse', rgb565=0xe6fb
[WRITE] Large polygon: pts=108, layer='landuse', rgb565=0xe6fb
[WRITE] Large polygon: pts=656, layer='landuse', rgb565=0xe6fb
[WRITE] Large polygon: pts=340, layer='landuse', rgb565=0xe6fb
[WRITE] Large polygon: pts=190, layer='', rgb565=0xeedd
[WRITE] Large polygon: pts=190, layer='landuse', rgb565=0xeedd
[WRITE] Large polygon: pts=164, layer='', rgb565=0xeedd
[WRITE] Large polygon: pts=164, layer='landuse', rgb565=0xeedd
[WRITE] Large polygon: pts=115, layer='', rgb565=0xcf56
[WRITE] Large polygon: pts=115, layer='landuse', rgb565=0xcf56
[WRITE] Large polygon: pts=167, layer='', rgb565=0xef9a
[WRITE] Large polygon: pts=167, layer='landuse', rgb565=0xef9a
[WRITE] Large polygon: pts=142, layer='', rgb565=0xef9a
[WRITE] Large polygon: pts=142, layer='landuse', rgb565=0xef9a
[WRITE] Large polygon: pts=142, layer='landuse', rgb565=0xef9a
[WRITE] Large polygon: pts=145, layer='landuse', rgb565=0xef9a
[WRITE] Large polygon: pts=508, layer='', rgb565=0xdedc
[WRITE] Large polygon: pts=508, layer='landuse', rgb565=0xdedc
[WRITE] Large polygon: pts=135, layer='', rgb565=0xae9b
[WRITE] Large polygon: pts=135, layer='water', rgb565=0xae9b
[CLIP_IN z12] Water 2063/1494: pts=135, lon=1.39660 to 1.40220, lat=43.66161 to 43.66456
[CLIP_OUT z12] Water 2063/1494: 135 pts -> 1 parts, types=['Polygon']
[NO_SIMP] Water polygon: 135 points NOT simplified
[PROJ z12] Water 2063/1494: pts=135, lon_range=0.005600°, lat_range=0.002957°, px_range=261, py_range=190, pixel_area=193.7px²
[NO_SIMP] Water polygon: 54 points NOT simplified
[PROJ z12] Water 2063/1494: pts=54, lon_range=0.007293°, lat_range=0.001528°, px_range=340, py_range=98, pixel_area=130.2px²
[NO_SIMP] Water polygon: 40 points NOT simplified
[PROJ z12] Water 2063/1494: pts=40, lon_range=0.001860°, lat_range=0.001327°, px_range=87, py_range=86, pixel_area=29.2px²
[WRITE] Large polygon: pts=405, layer='', rgb565=0xae9b
[WRITE] Large polygon: pts=405, layer='water', rgb565=0xae9b
[CLIP_IN z12] Water 2063/1494: pts=405, lon=1.30766 to 1.32968, lat=43.63266 to 43.64802
[CLIP_OUT z12] Water 2063/1494: 405 pts -> 1 parts, types=['Polygon']
[NO_SIMP] Water polygon: 315 points NOT simplified
[PROJ z12] Water 2063/1494: pts=315, lon_range=0.013591°, lat_range=0.010351°, px_range=632, py_range=667, pixel_area=531.1px²
[NO_SIMP] Water polygon: 32 points NOT simplified
[PROJ z12] Water 2063/1494: pts=32, lon_range=0.005287°, lat_range=0.008654°, px_range=246, py_range=557, pixel_area=104.4px²
[WRITE] Large polygon: pts=221, layer='', rgb565=0xae9b
[WRITE] Large polygon: pts=271, layer='', rgb565=0xae9b
[WRITE] Large polygon: pts=221, layer='water', rgb565=0xae9b
[CLIP_IN z12] Water 2063/1494: pts=221, lon=1.32463 to 1.33404, lat=43.66095 to 43.67167
[CLIP_OUT z12] Water 2063/1494: 221 pts -> 1 parts, types=['Polygon']
[NO_SIMP] Water polygon: 221 points NOT simplified
[PROJ z12] Water 2063/1494: pts=221, lon_range=0.009412°, lat_range=0.010725°, px_range=438, py_range=691, pixel_area=1182.3px²
[WRITE] Large polygon: pts=271, layer='water', rgb565=0xae9b
[CLIP_IN z12] Water 2063/1494: pts=271, lon=1.32453 to 1.33723, lat=43.67167 to 43.68386
[CLIP_OUT z12] Water 2063/1494: 271 pts -> 1 parts, types=['Polygon']
[NO_SIMP] Water polygon: 271 points NOT simplified
[PROJ z12] Water 2063/1494: pts=271, lon_range=0.012700°, lat_range=0.012192°, px_range=592, py_range=786, pixel_area=1817.6px²
[FILTER_AREA z12] Water polygon FILTERED: pts=39, area=0.000000643 < min=0.000001414
[FILTER_AREA z12] Water polygon FILTERED: pts=34, area=0.000000750 < min=0.000001414
[FILTER_AREA z12] Water polygon FILTERED: pts=38, area=0.000000074 < min=0.000001414
[FILTER_AREA z12] Water polygon FILTERED: pts=34, area=0.000000278 < min=0.000001414
[FILTER_AREA z12] Water polygon FILTERED: pts=51, area=0.000000177 < min=0.000001414
[FILTER_AREA z12] Water polygon FILTERED: pts=51, area=0.000000098 < min=0.000001414
[FILTER_AREA z12] Water polygon FILTERED: pts=51, area=0.000000095 < min=0.000001414
[FILTER_AREA z12] Water polygon FILTERED: pts=51, area=0.000000097 < min=0.000001414
[FILTER_AREA z12] Water polygon FILTERED: pts=51, area=0.000000098 < min=0.000001414
[FILTER_AREA z12] Water polygon FILTERED: pts=55, area=0.000000506 < min=0.000001414
[FILTER_AREA z12] Water polygon FILTERED: pts=52, area=0.000000422 < min=0.000001414
[FILTER_AREA z12] Water polygon FILTERED: pts=51, area=0.000000097 < min=0.000001414
[FILTER_AREA z12] Water polygon FILTERED: pts=33, area=0.000000113 < min=0.000001414
[FILTER_AREA z12] Water polygon FILTERED: pts=51, area=0.000000096 < min=0.000001414
[FILTER_AREA z12] Water polygon FILTERED: pts=38, area=0.000000006 < min=0.000001414
[FILTER_AREA z12] Water polygon FILTERED: pts=35, area=0.000001047 < min=0.000001414
[FILTER_AREA z12] Water polygon FILTERED: pts=27, area=0.000000921 < min=0.000001414
[FILTER_AREA z12] Water polygon FILTERED: pts=23, area=0.000000148 < min=0.000001414
[FILTER_AREA z12] Water polygon FILTERED: pts=34, area=0.000000088 < min=0.000001414
[FILTER_AREA z12] Water polygon FILTERED: pts=80, area=0.000000585 < min=0.000001414
[FILTER_AREA z12] Water polygon FILTERED: pts=26, area=0.000000039 < min=0.000001414
[FILTER_AREA z12] Water polygon FILTERED: pts=44, area=0.000000951 < min=0.000001414
[FILTER_AREA z12] Water polygon FILTERED: pts=57, area=0.000001282 < min=0.000001414
[FILTER_AREA z12] Water polygon FILTERED: pts=31, area=0.000000039 < min=0.000001414
[FILTER_AREA z12] Water polygon FILTERED: pts=42, area=0.000000169 < min=0.0000014142026-02-11 16:09:02,820 - DEBUG -   Tile 2065,1495: Merge: 0 groups merged, 0/0 holes removed, 0 sharding fallbacks
[FILTER_AREA z12] Water polygon FILTERED: pts=23, area=0.000001013 < min=0.000001414
[FILTER_AREA z12] Water polygon FILTERED: pts=29, area=0.000000793 < min=0.000001414
[FILTER_AREA z12] Water polygon FILTERED: pts=173, area=0.000000964 < min=0.000001414
[FILTER_AREA z12] Water polygon FILTERED: pts=22, area=0.000000104 < min=0.000001414
[FILTER_AREA z12] Water polygon FILTERED: pts=23, area=0.000000103 < min=0.000001414
[WRITE] Large polygon: pts=193, layer='', rgb565=0xae93
[WRITE] Large polygon: pts=117, layer='', rgb565=0xae93
[WRITE] Large polygon: pts=109, layer='', rgb565=0xae93
[WRITE] Large polygon: pts=433, layer='', rgb565=0xae93
[WRITE] Large polygon: pts=193, layer='landuse', rgb565=0xae93
[WRITE] Large polygon: pts=117, layer='landuse', rgb565=0xae93
[WRITE] Large polygon: pts=109, layer='landuse', rgb565=0xae93
[WRITE] Large polygon: pts=433, layer='landuse', rgb565=0xae93
[WRITE] Large polygon: pts=285, layer='', rgb565=0xae93
[WRITE] Large polygon: pts=285, layer='landuse', rgb565=0xae93
[WRITE] Large polygon: pts=103, layer='landuse', rgb565=0xae93
[WRITE] Large polygon: pts=128, layer='', rgb565=0xae93
[WRITE] Large polygon: pts=128, layer='landuse', rgb565=0xae93
[WRITE] Large polygon: pts=329, layer='landuse', rgb565=0xae93
[WRITE] Large polygon: pts=135, layer='', rgb565=0xe6fb
[WRITE] Large polygon: pts=135, layer='landuse', rgb565=0xe6fb
[WRITE] Large polygon: pts=191, layer='', rgb565=0xe6fb
[WRITE] Large polygon: pts=112, layer='', rgb565=0xe6fb
[WRITE] Large polygon: pts=191, layer='landuse', rgb565=0xe6fb
[WRITE] Large polygon: pts=112, layer='landuse', rgb565=0xe6fb
[WRITE] Large polygon: pts=117, layer='', rgb565=0xcf56
[WRITE] Large polygon: pts=117, layer='landuse', rgb565=0xcf56
[WRITE] Large polygon: pts=183, layer='landuse', rgb565=0xef9a
[WRITE] Large polygon: pts=143, layer='', rgb565=0xef9a
[WRITE] Large polygon: pts=119, layer='', rgb565=0xef9a
[WRITE] Large polygon: pts=108, layer='landuse', rgb565=0xef9a
[WRITE] Large polygon: pts=143, layer='landuse', rgb565=0xef9a
[WRITE] Large polygon: pts=119, layer='landuse', rgb565=0xef9a
[WRITE] Large polygon: pts=106, layer='', rgb565=0xae9b
[WRITE] Large polygon: pts=106, layer='water', rgb565=0xae9b
[CLIP_IN z12] Water 2065/1494: pts=106, lon=1.49642 to 1.49875, lat=43.66735 to 43.66906
[CLIP_OUT z12] Water 2065/1494: 106 pts -> 1 parts, types=['Polygon']
[NO_SIMP] Water polygon: 106 points NOT simplified
[PROJ z12] Water 2065/1494: pts=106, lon_range=0.002336°, lat_range=0.001710°, px_range=108, py_range=110, pixel_area=46.4px²
[FILTER_AREA z12] Water polygon FILTERED: pts=25, area=0.000000620 < min=0.000001414
[FILTER_AREA z12] Water polygon FILTERED: pts=23, area=0.000000269 < min=0.000001414
[FILTER_AREA z12] Water polygon FILTERED: pts=26, area=0.000000223 < min=0.000001414
[FILTER_AREA z12] Water polygon FILTERED: pts=26, area=0.000000004 < min=0.000001414
[FILTER_AREA z12] Water polygon FILTERED: pts=51, area=0.000000018 < min=0.000001414
[FILTER_AREA z12] Water polygon FILTERED: pts=51, area=0.000000010 < min=0.000001414
[FILTER_AREA z12] Water polygon FILTERED: pts=39, area=0.000000074 < min=0.000001414
[FILTER_AREA z12] Water polygon FILTERED: pts=34, area=0.000000278 < min=0.000001414
[FILTER_AREA z12] Water polygon FILTERED: pts=21, area=0.000000002 < min=0.000001414
[FILTER_AREA z12] Water polygon FILTERED: pts=29, area=0.000000287 < min=0.000001414
[FILTER_AREA z12] Water polygon FILTERED: pts=35, area=0.000000109 < min=0.000001414
[FILTER_AREA z12] Water polygon FILTERED: pts=37, area=0.000000151 < min=0.000001414
[FILTER_AREA z12] Water polygon FILTERED: pts=105, area=0.000000930 < min=0.000001414
[FILTER_AREA z12] Water polygon FILTERED: pts=23, area=0.000000041 < min=0.000001414
[FILTER_AREA z12] Water polygon FILTERED: pts=22, area=0.000000085 < min=0.000001414
[FILTER_AREA z12] Water polygon FILTERED: pts=241, area=0.000000279 < min=0.000001414
[FILTER_AREA z12] Water polygon FILTERED: pts=42, area=0.000000094 < min=0.000001414
[FILTER_AREA z12] Water polygon FILTERED: pts=22, area=0.000000052 < min=0.000001414
[FILTER_AREA z12] Water polygon FILTERED: pts=221, area=0.000000247 < min=0.000001414
[FILTER_AREA z12] Water polygon FILTERED: pts=104, area=0.000000139 < min=0.000001414
[FILTER_AREA z12] Water polygon FILTERED: pts=29, area=0.000000029 < min=0.000001414
[FILTER_AREA z12] Water polygon FILTERED: pts=47, area=0.000000060 < min=0.000001414
[FILTER_AREA z12] Water polygon FILTERED: pts=21, area=0.000000038 < min=0.000001414
[FILTER_AREA z12] Water polygon FILTERED: pts=49, area=0.000001382 < min=0.000001414
[FILTER_AREA z12] Water polygon FILTERED: pts=158, area=0.000000597 < min=0.000001414
[FILTER_AREA z12] Water polygon FILTERED: pts=305, area=0.000000271 < min=0.000001414
[FILTER_AREA z12] Water polygon FILTERED: pts=241, area=0.000000813 < min=0.000001414
[FILTER_AREA z12] Water polygon FILTERED: pts=24, area=0.000000072 < min=0.000001414
[FILTER_AREA z12] Water polygon FILTERED: pts=30, area=0.000000749 < min=0.000001414
[FILTER_AREA z12] Water polygon FILTERED: pts=29, area=0.000000132 < min=0.000001414
[FILTER_AREA z12] Water polygon FILTERED: pts=21, area=0.000000034 < min=0.000001414
[FILTER_AREA z12] Water polygon FILTERED: pts=26, area=0.000000038 < min=0.000001414
[FILTER_AREA z12] Water polygon FILTERED: pts=22, area=0.000000002 < min=0.000001414
[WRITE] Large polygon: pts=113, layer='', rgb565=0xcfd9
[WRITE] Large polygon: pts=129, layer='', rgb565=0xae93
[WRITE] Large polygon: pts=211, layer='', rgb565=0xae93
[WRITE] Large polygon: pts=129, layer='landuse', rgb565=0xae93
[WRITE] Large polygon: pts=211, layer='landuse', rgb565=0xae93
[WRITE] Large polygon: pts=152, layer='', rgb565=0xae93
[WRITE] Large polygon: pts=152, layer='landuse', rgb565=0xae93
[WRITE] Large polygon: pts=156, layer='landuse', rgb565=0xae93
[WRITE] Large polygon: pts=415, layer='', rgb565=0xae93
[WRITE] Large polygon: pts=101, layer='', rgb565=0xae93
[WRITE] Large polygon: pts=415, layer='landuse', rgb565=0xae93
[WRITE] Large polygon: pts=101, layer='landuse', rgb565=0xae93
[WRITE] Large polygon: pts=297, layer='landuse', rgb565=0xae93
[WRITE] Large polygon: pts=109, layer='', rgb565=0xae93
[WRITE] Large polygon: pts=109, layer='landuse', rgb565=0xae93
[WRITE] Large polygon: pts=188, layer='landuse', rgb565=0xae93
[WRITE] Large polygon: pts=275, layer='landuse', rgb565=0xae93
[WRITE] Large polygon: pts=112, layer='', rgb565=0xae93
[WRITE] Large polygon: pts=112, layer='landuse', rgb565=0xae93
[WRITE] Large polygon: pts=150, layer='', rgb565=0xae93
[WRITE] Large polygon: pts=150, layer='landuse', rgb565=0xae93
[WRITE] Large polygon: pts=128, layer='', rgb565=0xeedd
[WRITE] Large polygon: pts=128, layer='landuse', rgb565=0xeedd
[WRITE] Large polygon: pts=292, layer='', rgb565=0xeedd
[WRITE] Large polygon: pts=292, layer='landuse', rgb565=0xeedd
[WRITE] Large polygon: pts=111, layer='', rgb565=0xeedd
[WRITE] Large polygon: pts=111, layer='landuse', rgb565=0xeedd
[WRITE] Large polygon: pts=167, layer='landuse', rgb565=0xeedd
[WRITE] Large polygon: pts=128, layer='', rgb565=0xdedc
[WRITE] Large polygon: pts=146, layer='landuse', rgb565=0xdedc
[WRITE] Large polygon: pts=128, layer='landuse', rgb565=0xdedc
[WRITE] Large polygon: pts=109, layer='', rgb565=0xe6fb
[WRITE] Large polygon: pts=109, layer='landuse', rgb565=0xe6fb
[WRITE] Large polygon: pts=161, layer='', rgb565=0xe6fb
[WRITE] Large polygon: pts=161, layer='landuse', rgb565=0xe6fb
[WRITE] Large polygon: pts=376, layer='landuse', rgb565=0xe6fb
[WRITE] Large polygon: pts=309, layer='', rgb565=0xe6fb
[WRITE] Large polygon: pts=309, layer='landuse', rgb565=0xe6fb
[WRITE] Large polygon: pts=293, layer='landuse', rgb565=0xe6fb
[WRITE] Large polygon: pts=656, layer='landuse', rgb565=0xe6fb
[WRITE] Large polygon: pts=826, layer='landuse', rgb565=0xe6fb
[WRITE] Large polygon: pts=110, layer='', rgb565=0xe6fb
[WRITE] Large polygon: pts=110, layer='landuse', rgb565=0xe6fb
[WRITE] Large polygon: pts=220, layer='landuse', rgb565=0xe6fb
[WRITE] Large polygon: pts=340, layer='landuse', rgb565=0xe6fb
[WRITE] Large polygon: pts=117, layer='', rgb565=0xf79b
[WRITE] Large polygon: pts=117, layer='landuse', rgb565=0xf79b2026-02-11 16:09:02,828 - DEBUG -   Tile 2064,1495: Filtered 3657 polygons by area at z12
2026-02-11 16:09:02,853 - DEBUG -   Tile 2064,1495: Merge: 0 groups merged, 0/0 holes removed, 0 sharding fallbacks
[FILTER_AREA z12] Water polygon FILTERED: pts=37, area=0.000000131 < min=0.000001414
[FILTER_AREA z12] Water polygon FILTERED: pts=24, area=0.000001140 < min=0.000001414
[FILTER_AREA z12] Water polygon FILTERED: pts=73, area=0.000001152 < min=0.000001414
[FILTER_AREA z12] Water polygon FILTERED: pts=59, area=0.000000468 < min=0.000001414
[FILTER_AREA z12] Water polygon FILTERED: pts=102, area=0.000001257 < min=0.000001414
[FILTER_AREA z12] Water polygon FILTERED: pts=102, area=0.000000102 < min=0.000001414
[FILTER_AREA z12] Water polygon FILTERED: pts=144, area=0.000000153 < min=0.000001414
[FILTER_AREA z12] Water polygon FILTERED: pts=45, area=0.000000778 < min=0.000001414
[FILTER_AREA z12] Water polygon FILTERED: pts=35, area=0.000000398 < min=0.000001414
[FILTER_AREA z12] Water polygon FILTERED: pts=114, area=0.000000099 < min=0.000001414
[FILTER_AREA z12] Water polygon FILTERED: pts=52, area=0.000000658 < min=0.000001414
[FILTER_AREA z12] Water polygon FILTERED: pts=74, area=0.000000413 < min=0.000001414
[FILTER_AREA z12] Water polygon FILTERED: pts=443, area=0.000000181 < min=0.000001414
[FILTER_AREA z12] Water polygon FILTERED: pts=31, area=0.000000439 < min=0.000001414
[FILTER_AREA z12] Water polygon FILTERED: pts=51, area=0.000000175 < min=0.000001414
[WRITE] Large polygon: pts=433, layer='', rgb565=0xae93
[WRITE] Large polygon: pts=433, layer='landuse', rgb565=0xae93
[WRITE] Large polygon: pts=107, layer='', rgb565=0xae93
[WRITE] Large polygon: pts=119, layer='', rgb565=0xae93
[WRITE] Large polygon: pts=107, layer='landuse', rgb565=0xae93
[WRITE] Large polygon: pts=138, layer='landuse', rgb565=0xae93
[WRITE] Large polygon: pts=119, layer='landuse', rgb565=0xae93
[WRITE] Large polygon: pts=184, layer='landuse', rgb565=0xae93
[WRITE] Large polygon: pts=298, layer='landuse', rgb565=0xae93
[WRITE] Large polygon: pts=329, layer='landuse', rgb565=0xae93
[WRITE] Large polygon: pts=219, layer='', rgb565=0xae93
[WRITE] Large polygon: pts=219, layer='landuse', rgb565=0xae93
[WRITE] Large polygon: pts=129, layer='', rgb565=0xcf56
[WRITE] Large polygon: pts=149, layer='landuse', rgb565=0xcf56
[WRITE] Large polygon: pts=129, layer='landuse', rgb565=0xcf56
[WRITE] Large polygon: pts=104, layer='', rgb565=0xcf56
[WRITE] Large polygon: pts=104, layer='landuse', rgb565=0xcf56
[WRITE] Large polygon: pts=127, layer='', rgb565=0xe6fb
[WRITE] Large polygon: pts=157, layer='', rgb565=0xe6fb
[WRITE] Large polygon: pts=127, layer='landuse', rgb565=0xe6fb
[WRITE] Large polygon: pts=157, layer='landuse', rgb565=0xe6fb
[WRITE] Large polygon: pts=924, layer='', rgb565=0xe6fb
[WRITE] Large polygon: pts=924, layer='landuse', rgb565=0xe6fb
[WRITE] Large polygon: pts=177, layer='landuse', rgb565=0xe6fb
[WRITE] Large polygon: pts=238, layer='landuse', rgb565=0xe6fb
[WRITE] Large polygon: pts=167, layer='', rgb565=0xef9a
[WRITE] Large polygon: pts=118, layer='', rgb565=0xef9a
[WRITE] Large polygon: pts=167, layer='landuse', rgb565=0xef9a
[WRITE] Large polygon: pts=118, layer='landuse', rgb565=0xef9a
[WRITE] Large polygon: pts=183, layer='landuse', rgb565=0xef9a
[WRITE] Large polygon: pts=170, layer='', rgb565=0xae9b
[WRITE] Large polygon: pts=170, layer='water', rgb565=0xae9b
[CLIP_IN z12] Water 2064/1494: pts=170, lon=1.41560 to 1.42024, lat=43.64828 to 43.65407
[CLIP_OUT z12] Water 2064/1494: 170 pts -> 1 parts, types=['Polygon']
[NO_SIMP] Water polygon: 170 points NOT simplified
[PROJ z12] Water 2064/1494: pts=170, lon_range=0.004643°, lat_range=0.005789°, px_range=217, py_range=372, pixel_area=315.3px²
[NO_SIMP] Water polygon: 57 points NOT simplified
[PROJ z12] Water 2064/1494: pts=57, lon_range=0.002767°, lat_range=0.003400°, px_range=129, py_range=219, pixel_area=99.8px²
[NO_SIMP] Water polygon: 28 points NOT simplified
[PROJ z12] Water 2064/1494: pts=28, lon_range=0.002899°, lat_range=0.002946°, px_range=135, py_range=190, pixel_area=100.2px²
[WRITE] Large polygon: pts=126, layer='', rgb565=0xae9b
[NO_SIMP] Water polygon: 26 points NOT simplified
[PROJ z12] Water 2064/1494: pts=26, lon_range=0.001447°, lat_range=0.008649°, px_range=67, py_range=557, pixel_area=38.7px²
[NO_SIMP] Water polygon: 38 points NOT simplified
[PROJ z12] Water 2064/1494: pts=38, lon_range=0.002289°, lat_range=0.007819°, px_range=107, py_range=504, pixel_area=210.7px²
[WRITE] Large polygon: pts=126, layer='water', rgb565=0xae9b
[CLIP_IN z12] Water 2064/1494: pts=126, lon=1.46805 to 1.47961, lat=43.63009 to 43.64722
[CLIP_OUT z12] Water 2064/1494: 126 pts -> 1 parts, types=['Polygon']
[NO_SIMP] Water polygon: 92 points NOT simplified
[PROJ z12] Water 2064/1494: pts=92, lon_range=0.010309°, lat_range=0.009550°, px_range=480, py_range=615, pixel_area=386.2px²
[NO_SIMP] Water polygon: 33 points NOT simplified
[PROJ z12] Water 2064/1494: pts=33, lon_range=0.005359°, lat_range=0.006068°, px_range=250, py_range=391, pixel_area=381.8px²
[NO_SIMP] Water polygon: 32 points NOT simplified
[PROJ z12] Water 2064/1494: pts=32, lon_range=0.005287°, lat_range=0.008654°, px_range=245, py_range=557, pixel_area=430.8px²
[WRITE] Large polygon: pts=143, layer='', rgb565=0xae9b
[WRITE] Large polygon: pts=143, layer='water', rgb565=0xae9b
[CLIP_IN z12] Water 2064/1494: pts=143, lon=1.43581 to 1.45675, lat=43.66214 to 43.67874
[CLIP_OUT z12] Water 2064/1494: 143 pts -> 1 parts, types=['Polygon']
[NO_SIMP] Water polygon: 143 points NOT simplified
[PROJ z12] Water 2064/1494: pts=143, lon_range=0.020932°, lat_range=0.016602°, px_range=976, py_range=1070, pixel_area=4079.4px²
[FILTER_AREA z12] Water polygon FILTERED: pts=26, area=0.000000376 < min=0.000001414
[FILTER_AREA z12] Water polygon FILTERED: pts=23, area=0.000000210 < min=0.000001414
[FILTER_AREA z12] Water polygon FILTERED: pts=33, area=0.000000187 < min=0.000001414
[WRITE] Large polygon: pts=115, layer='', rgb565=0xae93
[WRITE] Large polygon: pts=170, layer='', rgb565=0xae93
[WRITE] Large polygon: pts=105, layer='', rgb565=0xae93
[WRITE] Large polygon: pts=155, layer='', rgb565=0xae93
[WRITE] Large polygon: pts=216, layer='', rgb565=0xae93
[WRITE] Large polygon: pts=150, layer='', rgb565=0xae93
[WRITE] Large polygon: pts=115, layer='landuse', rgb565=0xae93
[WRITE] Large polygon: pts=170, layer='landuse', rgb565=0xae93
[WRITE] Large polygon: pts=105, layer='landuse', rgb565=0xae93
[WRITE] Large polygon: pts=155, layer='landuse', rgb565=0xae93
[WRITE] Large polygon: pts=216, layer='landuse', rgb565=0xae93
[WRITE] Large polygon: pts=150, layer='landuse', rgb565=0xae93
[WRITE] Large polygon: pts=240, layer='', rgb565=0xae93
[WRITE] Large polygon: pts=240, layer='landuse', rgb565=0xae93
[WRITE] Large polygon: pts=112, layer='', rgb565=0xae93
[WRITE] Large polygon: pts=112, layer='landuse', rgb565=0xae93
[WRITE] Large polygon: pts=404, layer='', rgb565=0xae93
[WRITE] Large polygon: pts=227, layer='', rgb565=0xae93
[WRITE] Large polygon: pts=217, layer='', rgb565=0xae93
[WRITE] Large polygon: pts=219, layer='', rgb565=0xae93
[WRITE] Large polygon: pts=404, layer='landuse', rgb565=0xae93
[WRITE] Large polygon: pts=227, layer='landuse', rgb565=0xae93
[WRITE] Large polygon: pts=228, layer='landuse', rgb565=0xae93
[WRITE] Large polygon: pts=131, layer='landuse', rgb565=0xae93
[WRITE] Large polygon: pts=217, layer='landuse', rgb565=0xae93
[WRITE] Large polygon: pts=292, layer='landuse', rgb565=0xae93
[WRITE] Large polygon: pts=219, layer='landuse', rgb565=0xae93
[WRITE] Large polygon: pts=208, layer='', rgb565=0xae93
[WRITE] Large polygon: pts=205, layer='', rgb565=0xae93
[WRITE] Large polygon: pts=135, layer='', rgb565=0xae93
[WRITE] Large polygon: pts=128, layer='', rgb565=0xae93
[WRITE] Large polygon: pts=208, layer='landuse', rgb565=0xae93
[WRITE] Large polygon: pts=205, layer='landuse', rgb565=0xae93
[WRITE] Large polygon: pts=245, layer='landuse', rgb565=0xae93
[WRITE] Large polygon: pts=135, layer='landuse', rgb565=0xae93
[WRITE] Large polygon: pts=128, layer='landuse', rgb565=0xae93
[WRITE] Large polygon: pts=107, layer='', rgb565=0xae93
[WRITE] Large polygon: pts=107, layer='landuse', rgb565=0xae93
[WRITE] Large polygon: pts=329, layer='landuse', rgb565=0xae93
[WRITE] Large polygon: pts=309, layer='', rgb565=0xe6fb
[WRITE] Large polygon: pts=147, layer='', rgb565=0xe6fb2026-02-11 16:09:03,037 - DEBUG -   Tile 2062,1495: Write: 2893 features, 19 filtered by area (<2.0px²), 92/105 holes removed (<20.0px²)
  Zoom 12: Tiles [████████░░░░░░░░░░░░░░░░░] 7/202026-02-11 16:09:03,044 - DEBUG -   Tile 2061,1496: Filtered 42 polygons by area at z12
2026-02-11 16:09:03,046 - DEBUG -   Tile 2061,1496: Merge: 0 groups merged, 0/0 holes removed, 0 sharding fallbacks
2026-02-11 16:09:03,082 - DEBUG -   Tile 2061,1496: Write: 229 features, 0 filtered by area (<2.0px²), 2/5 holes removed (<20.0px²)
  Zoom 12: Tiles [██████████░░░░░░░░░░░░░░░] 8/20
[FILTER_AREA z12] Water polygon FILTERED: pts=23, area=0.000000050 < min=0.000001414
[FILTER_AREA z12] Water polygon FILTERED: pts=22, area=0.000000269 < min=0.000001414
[FILTER_AREA z12] Water polygon FILTERED: pts=26, area=0.000000354 < min=0.000001414
[FILTER_AREA z12] Water polygon FILTERED: pts=23, area=0.000000737 < min=0.000001414
[FILTER_AREA z12] Water polygon FILTERED: pts=30, area=0.000000026 < min=0.000001414
[FILTER_AREA z12] Water polygon FILTERED: pts=40, area=0.000000068 < min=0.000001414
[FILTER_AREA z12] Water polygon FILTERED: pts=28, area=0.000000018 < min=0.000001414
[FILTER_AREA z12] Water polygon FILTERED: pts=22, area=0.000000065 < min=0.000001414
[WRITE] Large polygon: pts=108, layer='', rgb565=0xae93
[WRITE] Large polygon: pts=108, layer='landuse', rgb565=0xae93
[WRITE] Large polygon: pts=148, layer='', rgb565=0xae93
[WRITE] Large polygon: pts=148, layer='landuse', rgb565=0xae93
[WRITE] Large polygon: pts=282, layer='', rgb565=0xae93
[WRITE] Large polygon: pts=282, layer='landuse', rgb565=0xae93
[WRITE] Large polygon: pts=106, layer='', rgb565=0xae93
[WRITE] Large polygon: pts=106, layer='landuse', rgb565=0xae93
[WRITE] Large polygon: pts=528, layer='landuse', rgb565=0xae93
[WRITE] Large polygon: pts=128, layer='', rgb565=0xae93
[WRITE] Large polygon: pts=235, layer='', rgb565=0xae93
[WRITE] Large polygon: pts=311, layer='', rgb565=0xae93
[WRITE] Large polygon: pts=327, layer='', rgb565=0xae93
[WRITE] Large polygon: pts=128, layer='landuse', rgb565=0xae93
[WRITE] Large polygon: pts=235, layer='landuse', rgb565=0xae93
[WRITE] Large polygon: pts=120, layer='landuse', rgb565=0xae93
[WRITE] Large polygon: pts=160, layer='landuse', rgb565=0xae93
[WRITE] Large polygon: pts=311, layer='landuse', rgb565=0xae93
[WRITE] Large polygon: pts=327, layer='landuse', rgb565=0xae93
[WRITE] Large polygon: pts=313, layer='landuse', rgb565=0xae93
[WRITE] Large polygon: pts=160, layer='landuse', rgb565=0xae93
[WRITE] Large polygon: pts=272, layer='landuse', rgb565=0xae93
[WRITE] Large polygon: pts=130, layer='landuse', rgb565=0xae93
[WRITE] Large polygon: pts=159, layer='landuse', rgb565=0xae93
[WRITE] Large polygon: pts=168, layer='', rgb565=0xe6fb
[WRITE] Large polygon: pts=202, layer='', rgb565=0xe6fb
[WRITE] Large polygon: pts=168, layer='landuse', rgb565=0xe6fb
[WRITE] Large polygon: pts=202, layer='landuse', rgb565=0xe6fb
[WRITE] Large polygon: pts=358, layer='', rgb565=0xe6fb
[WRITE] Large polygon: pts=358, layer='landuse', rgb565=0xe6fb
[WRITE] Large polygon: pts=376, layer='landuse', rgb565=0xe6fb
[WRITE] Large polygon: pts=120, layer='landuse', rgb565=0xe6fb
[WRITE] Large polygon: pts=656, layer='landuse', rgb565=0xe6fb
[WRITE] Large polygon: pts=826, layer='landuse', rgb565=0xe6fb
[WRITE] Large polygon: pts=121, layer='landuse', rgb565=0xe6fb
[WRITE] Large polygon: pts=630, layer='landuse', rgb565=0xe6fb
[WRITE] Large polygon: pts=500, layer='landuse', rgb565=0xe6fb
[WRITE] Large polygon: pts=292, layer='', rgb565=0xeedd
[WRITE] Large polygon: pts=292, layer='landuse', rgb565=0xeedd
[WRITE] Large polygon: pts=115, layer='landuse', rgb565=0xcf56
[WRITE] Large polygon: pts=118, layer='landuse', rgb565=0xef9a
[WRITE] Large polygon: pts=197, layer='landuse', rgb565=0xef9a
[WRITE] Large polygon: pts=165, layer='landuse', rgb565=0xef9a
[WRITE] Large polygon: pts=114, layer='landuse', rgb565=0xef9a
[WRITE] Large polygon: pts=128, layer='', rgb565=0xef9a
[WRITE] Large polygon: pts=128, layer='landuse', rgb565=0xef9a
[WRITE] Large polygon: pts=110, layer='landuse', rgb565=0xef9a
[WRITE] Large polygon: pts=179, layer='landuse', rgb565=0xef9a
[WRITE] Large polygon: pts=218, layer='landuse', rgb565=0xef9a
[WRITE] Large polygon: pts=119, layer='landuse', rgb565=0xef9a
[WRITE] Large polygon: pts=186, layer='landuse', rgb565=0xef9a
[WRITE] Large polygon: pts=494, layer='landuse', rgb565=0xef9a
[WRITE] Large polygon: pts=133, layer='', rgb565=0xcf56
[WRITE] Large polygon: pts=133, layer='landuse', rgb565=0xcf56
[WRITE] Large polygon: pts=117, layer='landuse', rgb565=0xcf56
[WRITE] Large polygon: pts=268, layer='landuse', rgb565=0xceb5
[WRITE] Large polygon: pts=152, layer='', rgb565=0xceb5
[WRITE] Large polygon: pts=182, layer='landuse', rgb565=0xceb5
[WRITE] Large polygon: pts=152, layer='landuse', rgb565=0xceb5
[NO_SIMP] Water polygon: 41 points NOT simplified
[PROJ z12] Water 2062/1495: pts=41, lon_range=0.001898°, lat_range=0.002253°, px_range=88, py_range=145, pixel_area=44.2px²
[WRITE] Large polygon: pts=415, layer='', rgb565=0xae9b
[WRITE] Large polygon: pts=415, layer='water', rgb565=0xae9b
[CLIP_IN z12] Water 2062/1495: pts=415, lon=1.29687 to 1.30772, lat=43.61530 to 43.63285
[CLIP_OUT z12] Water 2062/1495: 415 pts -> 1 parts, types=['Polygon']
[NO_SIMP] Water polygon: 415 points NOT simplified
[PROJ z12] Water 2062/1495: pts=415, lon_range=0.010855°, lat_range=0.017549°, px_range=506, py_range=1130, pixel_area=2233.5px²
[WRITE] Large polygon: pts=405, layer='', rgb565=0xae9b
[WRITE] Large polygon: pts=405, layer='water', rgb565=0xae9b
[CLIP_IN z12] Water 2062/1495: pts=405, lon=1.30766 to 1.32968, lat=43.63266 to 43.64802
[CLIP_OUT z12] Water 2062/1495: 405 pts -> 1 parts, types=['MultiPolygon']
[NO_SIMP] Water polygon: 269 points NOT simplified
[NO_SIMP] Water polygon: 37 points NOT simplified
[PROJ z12] Water 2062/1495: pts=269, lon_range=0.019484°, lat_range=0.010509°, px_range=908, py_range=676, pixel_area=1317.7px²
[PROJ z12] Water 2062/1495: pts=37, lon_range=0.003589°, lat_range=0.000658°, px_range=167, py_range=43, pixel_area=0.0px²
[NO_SIMP] Water polygon: 67 points NOT simplified
[PROJ z12] Water 2062/1495: pts=67, lon_range=0.007080°, lat_range=0.002647°, px_range=330, py_range=169, pixel_area=101.8px²
[WRITE] Large polygon: pts=240, layer='water', rgb565=0xae9b
[CLIP_IN z12] Water 2062/1495: pts=240, lon=1.28990 to 1.29268, lat=43.60142 to 43.60251
[CLIP_OUT z12] Water 2062/1495: 240 pts -> 1 parts, types=['Polygon']
[NO_SIMP] Water polygon: 240 points NOT simplified
[PROJ z12] Water 2062/1495: pts=271, lon_range=0.002775°, lat_range=0.001087°, px_range=130, py_range=70, pixel_area=35.5px²
[WRITE] Large polygon: pts=191, layer='leisure', rgb565=0xcfd9
[FILTER_AREA z12] Water polygon FILTERED: pts=41, area=0.000000054 < min=0.000001414
[FILTER_AREA z12] Water polygon FILTERED: pts=22, area=0.000000333 < min=0.000001414
[FILTER_AREA z12] Water polygon FILTERED: pts=58, area=0.000000134 < min=0.000001414
[WRITE] Large polygon: pts=154, layer='', rgb565=0xef9a
[WRITE] Large polygon: pts=154, layer='landuse', rgb565=0xef9a
[WRITE] Large polygon: pts=243, layer='landuse', rgb565=0xef9a
[WRITE] Large polygon: pts=401, layer='landuse', rgb565=0xe6fb
[FILTER_AREA z12] Water polygon FILTERED: pts=27, area=0.000000953 < min=0.000001414
[FILTER_AREA z12] Water polygon FILTERED: pts=33, area=0.000000892 < min=0.000001414
[FILTER_AREA z12] Water polygon FILTERED: pts=30, area=0.000000027 < min=0.000001414
[FILTER_AREA z12] Water polygon FILTERED: pts=27, area=0.000000042 < min=0.000001414
[FILTER_AREA z12] Water polygon FILTERED: pts=35, area=0.000000032 < min=0.000001414
[FILTER_AREA z12] Water polygon FILTERED: pts=34, area=0.000001348 < min=0.000001414
[FILTER_AREA z12] Water polygon FILTERED: pts=35, area=0.000000012 < min=0.000001414
[FILTER_AREA z12] Water polygon FILTERED: pts=27, area=0.000000320 < min=0.000001414
[FILTER_AREA z12] Water polygon FILTERED: pts=25, area=0.000000020 < min=0.000001414
[FILTER_AREA z12] Water polygon FILTERED: pts=28, area=0.000000055 < min=0.000001414
[FILTER_AREA z12] Water polygon FILTERED: pts=26, area=0.000000081 < min=0.000001414
[FILTER_AREA z12] Water polygon FILTERED: pts=27, area=0.000000038 < min=0.000001414
[FILTER_AREA z12] Water polygon FILTERED: pts=27, area=0.000000147 < min=0.000001414
[FILTER_AREA z12] Water polygon FILTERED: pts=25, area=0.000000097 < min=0.000001414
[FILTER_AREA z12] Water polygon FILTERED: pts=50, area=0.000000115 < min=0.000001414
[FILTER_AREA z12] Water polygon FILTERED: pts=48, area=0.000000886 < min=0.000001414
[FILTER_AREA z12] Water polygon FILTERED: pts=27, area=0.000000010 < min=0.000001414
[FILTER_AREA z12] Water polygon FILTERED: pts=24, area=0.000000174 < min=0.0000014142026-02-11 16:09:03,132 - DEBUG -   Tile 2062,1496: Filtered 1059 polygons by area at z12
2026-02-11 16:09:03,159 - DEBUG -   Tile 2062,1496: Merge: 0 groups merged, 0/0 holes removed, 0 sharding fallbacks
2026-02-11 16:09:03,244 - DEBUG -   Tile 2065,1495: Write: 2533 features, 7 filtered by area (<2.0px²), 41/49 holes removed (<20.0px²)
  Zoom 12: Tiles [███████████░░░░░░░░░░░░░░] 9/20
[FILTER_AREA z12] Water polygon FILTERED: pts=25, area=0.000000005 < min=0.000001414
[FILTER_AREA z12] Water polygon FILTERED: pts=34, area=0.000000214 < min=0.000001414
[FILTER_AREA z12] Water polygon FILTERED: pts=38, area=0.000000134 < min=0.000001414
[FILTER_AREA z12] Water polygon FILTERED: pts=28, area=0.000000055 < min=0.000001414
[FILTER_AREA z12] Water polygon FILTERED: pts=26, area=0.000000161 < min=0.000001414
[FILTER_AREA z12] Water polygon FILTERED: pts=23, area=0.000000175 < min=0.000001414
[FILTER_AREA z12] Water polygon FILTERED: pts=30, area=0.000000020 < min=0.000001414
[FILTER_AREA z12] Water polygon FILTERED: pts=25, area=0.000000038 < min=0.000001414
[FILTER_AREA z12] Water polygon FILTERED: pts=23, area=0.000000019 < min=0.000001414
[FILTER_AREA z12] Water polygon FILTERED: pts=53, area=0.000000114 < min=0.000001414
[FILTER_AREA z12] Water polygon FILTERED: pts=22, area=0.000000426 < min=0.000001414
[FILTER_AREA z12] Water polygon FILTERED: pts=31, area=0.000000039 < min=0.000001414
[FILTER_AREA z12] Water polygon FILTERED: pts=27, area=0.000000012 < min=0.000001414
[FILTER_AREA z12] Water polygon FILTERED: pts=35, area=0.000000796 < min=0.000001414
[FILTER_AREA z12] Water polygon FILTERED: pts=41, area=0.000000054 < min=0.000001414
[FILTER_AREA z12] Water polygon FILTERED: pts=59, area=0.000000257 < min=0.000001414
[FILTER_AREA z12] Water polygon FILTERED: pts=22, area=0.000000099 < min=0.000001414
[FILTER_AREA z12] Water polygon FILTERED: pts=22, area=0.000000024 < min=0.000001414
[FILTER_AREA z12] Water polygon FILTERED: pts=54, area=0.000001039 < min=0.000001414
[FILTER_AREA z12] Water polygon FILTERED: pts=74, area=0.000000067 < min=0.000001414
[FILTER_AREA z12] Water polygon FILTERED: pts=27, area=0.000000074 < min=0.000001414
[FILTER_AREA z12] Water polygon FILTERED: pts=22, area=0.000000084 < min=0.000001414
[FILTER_AREA z12] Water polygon FILTERED: pts=27, area=0.000000232 < min=0.000001414
[FILTER_AREA z12] Water polygon FILTERED: pts=26, area=0.000000133 < min=0.000001414
[FILTER_AREA z12] Water polygon FILTERED: pts=25, area=0.000000095 < min=0.000001414
[FILTER_AREA z12] Water polygon FILTERED: pts=40, area=0.000000037 < min=0.000001414
[WRITE] Large polygon: pts=126, layer='', rgb565=0xae93
[WRITE] Large polygon: pts=108, layer='', rgb565=0xae93
[WRITE] Large polygon: pts=192, layer='', rgb565=0xae93
[WRITE] Large polygon: pts=126, layer='landuse', rgb565=0xae93
[WRITE] Large polygon: pts=108, layer='landuse', rgb565=0xae93
[WRITE] Large polygon: pts=192, layer='landuse', rgb565=0xae93
[WRITE] Large polygon: pts=136, layer='', rgb565=0xae93
[WRITE] Large polygon: pts=136, layer='landuse', rgb565=0xae93
[WRITE] Large polygon: pts=148, layer='landuse', rgb565=0xae93
[WRITE] Large polygon: pts=147, layer='landuse', rgb565=0xae93
[WRITE] Large polygon: pts=119, layer='', rgb565=0xae93
[WRITE] Large polygon: pts=119, layer='landuse', rgb565=0xae93
[WRITE] Large polygon: pts=158, layer='landuse', rgb565=0xae93
[WRITE] Large polygon: pts=638, layer='', rgb565=0xe6fb
[WRITE] Large polygon: pts=638, layer='landuse', rgb565=0xe6fb
[WRITE] Large polygon: pts=168, layer='', rgb565=0xe6fb
[WRITE] Large polygon: pts=202, layer='', rgb565=0xe6fb
[WRITE] Large polygon: pts=168, layer='landuse', rgb565=0xe6fb
[WRITE] Large polygon: pts=202, layer='landuse', rgb565=0xe6fb
[WRITE] Large polygon: pts=358, layer='', rgb565=0xe6fb
[WRITE] Large polygon: pts=358, layer='landuse', rgb565=0xe6fb
[WRITE] Large polygon: pts=401, layer='landuse', rgb565=0xe6fb
[WRITE] Large polygon: pts=120, layer='landuse', rgb565=0xe6fb
[WRITE] Large polygon: pts=826, layer='landuse', rgb565=0xe6fb
[WRITE] Large polygon: pts=177, layer='landuse', rgb565=0xe6fb
[WRITE] Large polygon: pts=638, layer='landuse', rgb565=0xe6fb
[WRITE] Large polygon: pts=154, layer='', rgb565=0xef9a
[WRITE] Large polygon: pts=154, layer='landuse', rgb565=0xef9a
[WRITE] Large polygon: pts=249, layer='landuse', rgb565=0xef9a
[WRITE] Large polygon: pts=155, layer='', rgb565=0xef9a
[WRITE] Large polygon: pts=155, layer='landuse', rgb565=0xef9a
[WRITE] Large polygon: pts=243, layer='landuse', rgb565=0xef9a
[WRITE] Large polygon: pts=156, layer='', rgb565=0xf79a
[WRITE] Large polygon: pts=156, layer='landuse', rgb565=0xf79a
[WRITE] Large polygon: pts=117, layer='landuse', rgb565=0xcf56
[WRITE] Large polygon: pts=150, layer='landuse', rgb565=0xcf56
[WRITE] Large polygon: pts=139, layer='', rgb565=0xceb5
[WRITE] Large polygon: pts=139, layer='landuse', rgb565=0xceb5
[WRITE] Large polygon: pts=186, layer='', rgb565=0xae9b
[NO_SIMP] Water polygon: 37 points NOT simplified
[PROJ z12] Water 2062/1496: pts=50, lon_range=0.004018°, lat_range=0.001677°, px_range=187, py_range=108, pixel_area=78.9px²
[WRITE] Large polygon: pts=186, layer='water', rgb565=0xae9b
[CLIP_IN z12] Water 2062/1496: pts=186, lon=1.28899 to 1.29860, lat=43.52073 to 43.52677
[CLIP_OUT z12] Water 2062/1496: 186 pts -> 1 parts, types=['Polygon']
[NO_SIMP] Water polygon: 186 points NOT simplified
[PROJ z12] Water 2062/1496: pts=186, lon_range=0.009611°, lat_range=0.006041°, px_range=448, py_range=389, pixel_area=680.8px²
[NO_SIMP] Water polygon: 22 points NOT simplified
[PROJ z12] Water 2062/1496: pts=22, lon_range=0.002083°, lat_range=0.002153°, px_range=97, py_range=138, pixel_area=52.3px²
[WRITE] Large polygon: pts=419, layer='', rgb565=0xae9b
[NO_SIMP] Water polygon: 51 points NOT simplified
[PROJ z12] Water 2062/1496: pts=51, lon_range=0.003463°, lat_range=0.001865°, px_range=161, py_range=120, pixel_area=75.5px²
[WRITE] Large polygon: pts=419, layer='water', rgb565=0xae9b
[CLIP_IN z12] Water 2062/1496: pts=419, lon=1.24762 to 1.27102, lat=43.51897 to 43.53742
[CLIP_OUT z12] Water 2062/1496: 419 pts -> 1 parts, types=['Polygon']
[NO_SIMP] Water polygon: 419 points NOT simplified
[PROJ z12] Water 2062/1496: pts=419, lon_range=0.023397°, lat_range=0.018449°, px_range=1090, py_range=1186, pixel_area=5049.8px²
[NO_SIMP] Water polygon: 32 points NOT simplified
[PROJ z12] Water 2062/1496: pts=32, lon_range=0.002359°, lat_range=0.001095°, px_range=110, py_range=70, pixel_area=30.1px²
[NO_SIMP] Water polygon: 26 points NOT simplified
[PROJ z12] Water 2062/1496: pts=26, lon_range=0.001858°, lat_range=0.001671°, px_range=86, py_range=107, pixel_area=35.9px²
[WRITE] Large polygon: pts=132, layer='', rgb565=0xae9b
[WRITE] Large polygon: pts=132, layer='water', rgb565=0xae9b
[CLIP_IN z12] Water 2062/1496: pts=132, lon=1.28598 to 1.29448, lat=43.52657 to 43.53375
[CLIP_OUT z12] Water 2062/1496: 132 pts -> 1 parts, types=['Polygon']
[NO_SIMP] Water polygon: 132 points NOT simplified
[PROJ z12] Water 2062/1496: pts=132, lon_range=0.008496°, lat_range=0.007175°, px_range=396, py_range=461, pixel_area=713.1px²
[NO_SIMP] Water polygon: 37 points NOT simplified
[PROJ z12] Water 2062/1496: pts=37, lon_range=0.006091°, lat_range=0.001865°, px_range=284, py_range=120, pixel_area=133.1px²
[NO_SIMP] Water polygon: 48 points NOT simplified
[PROJ z12] Water 2062/1496: pts=48, lon_range=0.003975°, lat_range=0.002463°, px_range=185, py_range=159, pixel_area=114.9px²
[WRITE] Large polygon: pts=106, layer='water', rgb565=0xae9b
[CLIP_IN z12] Water 2062/1496: pts=106, lon=1.30751 to 1.31272, lat=43.57435 to 43.57575
[CLIP_OUT z12] Water 2062/1496: 106 pts -> 1 parts, types=['Polygon']
[NO_SIMP] Water polygon: 106 points NOT simplified
[PROJ z12] Water 2062/1496: pts=131, lon_range=0.005217°, lat_range=0.001404°, px_range=243, py_range=90, pixel_area=85.4px²
[NO_SIMP] Water polygon: 81 points NOT simplified
[PROJ z12] Water 2062/1496: pts=81, lon_range=0.002225°, lat_range=0.001540°, px_range=103, py_range=99, pixel_area=39.8px²
[WRITE] Large polygon: pts=514, layer='', rgb565=0xae9b
[WRITE] Large polygon: pts=183, layer='', rgb565=0xae9b
[WRITE] Large polygon: pts=383, layer='', rgb565=0xae9b
[WRITE] Large polygon: pts=514, layer='water', rgb565=0xae9b
[CLIP_IN z12] Water 2062/1496: pts=514, lon=1.29480 to 1.31231, lat=43.56010 to 43.56583
[CLIP_OUT z12] Water 2062/1496: 514 pts -> 1 parts, types=['Polygon']
[NO_SIMP] Water polygon: 514 points NOT simplified
[PROJ z12] Water 2062/1496: pts=514, lon_range=0.017512°, lat_range=0.005738°, px_range=816, py_range=369, pixel_area=1176.2px²
[WRITE] Large polygon: pts=285, layer='', rgb565=0xe6fb
[WRITE] Large polygon: pts=135, layer='', rgb565=0xe6fb
[WRITE] Large polygon: pts=309, layer='landuse', rgb565=0xe6fb
[WRITE] Large polygon: pts=147, layer='landuse', rgb565=0xe6fb
[WRITE] Large polygon: pts=285, layer='landuse', rgb565=0xe6fb
[WRITE] Large polygon: pts=135, layer='landuse', rgb565=0xe6fb
[WRITE] Large polygon: pts=191, layer='', rgb565=0xe6fb
[WRITE] Large polygon: pts=191, layer='landuse', rgb565=0xe6fb
[WRITE] Large polygon: pts=468, layer='landuse', rgb565=0xe6fb
[WRITE] Large polygon: pts=183, layer='landuse', rgb565=0xef9a
[WRITE] Large polygon: pts=110, layer='', rgb565=0xef9a
[WRITE] Large polygon: pts=101, layer='', rgb565=0xef9a
[WRITE] Large polygon: pts=171, layer='', rgb565=0xef9a
[WRITE] Large polygon: pts=191, layer='', rgb565=0xef9a
[WRITE] Large polygon: pts=110, layer='landuse', rgb565=0xef9a
[WRITE] Large polygon: pts=132, layer='landuse', rgb565=0xef9a
[WRITE] Large polygon: pts=125, layer='landuse', rgb565=0xef9a
[WRITE] Large polygon: pts=101, layer='landuse', rgb565=0xef9a
[WRITE] Large polygon: pts=171, layer='landuse', rgb565=0xef9a
[WRITE] Large polygon: pts=152, layer='landuse', rgb565=0xef9a
[WRITE] Large polygon: pts=191, layer='landuse', rgb565=0xef9a
[WRITE] Large polygon: pts=135, layer='landuse', rgb565=0xef9a
[WRITE] Large polygon: pts=119, layer='', rgb565=0xef9a
[WRITE] Large polygon: pts=119, layer='landuse', rgb565=0xef9a
[WRITE] Large polygon: pts=108, layer='landuse', rgb565=0xef9a
[WRITE] Large polygon: pts=119, layer='landuse', rgb565=0xef9a
[WRITE] Large polygon: pts=116, layer='', rgb565=0xcf56
[WRITE] Large polygon: pts=116, layer='landuse', rgb565=0xcf56
[WRITE] Large polygon: pts=152, layer='', rgb565=0xceb5
[WRITE] Large polygon: pts=152, layer='landuse', rgb565=0xceb5
[WRITE] Large polygon: pts=119, layer='', rgb565=0xceb5
[WRITE] Large polygon: pts=119, layer='landuse', rgb565=0xceb5
[WRITE] Large polygon: pts=102, layer='', rgb565=0xceb5
[WRITE] Large polygon: pts=102, layer='landuse', rgb565=0xceb5
[WRITE] Large polygon: pts=349, layer='', rgb565=0xae9b
[WRITE] Large polygon: pts=349, layer='water', rgb565=0xae9b
[CLIP_IN z12] Water 2065/1495: pts=349, lon=1.48423 to 1.49970, lat=43.55321 to 43.61411
[CLIP_OUT z12] Water 2065/1495: 349 pts -> 1 parts, types=['Polygon']
[NO_SIMP] Water polygon: 208 points NOT simplified
[PROJ z12] Water 2065/1495: pts=208, lon_range=0.014349°, lat_range=0.037175°, px_range=668, py_range=2392, pixel_area=2006.2px²
[FILTER_AREA z12] Water polygon FILTERED: pts=21, area=0.000000582 < min=0.000001414
[FILTER_AREA z12] Water polygon FILTERED: pts=47, area=0.000000152 < min=0.000001414
[FILTER_AREA z12] Water polygon FILTERED: pts=51, area=0.000000319 < min=0.000001414
[FILTER_AREA z12] Water polygon FILTERED: pts=24, area=0.000000206 < min=0.000001414
[FILTER_AREA z12] Water polygon FILTERED: pts=162, area=0.000000576 < min=0.000001414
[FILTER_AREA z12] Water polygon FILTERED: pts=35, area=0.000000230 < min=0.000001414
[FILTER_AREA z12] Water polygon FILTERED: pts=44, area=0.000000098 < min=0.000001414
[FILTER_AREA z12] Water polygon FILTERED: pts=61, area=0.000000174 < min=0.000001414
[FILTER_AREA z12] Water polygon FILTERED: pts=190, area=0.000000768 < min=0.000001414
[FILTER_AREA z12] Water polygon FILTERED: pts=69, area=0.000001302 < min=0.000001414
[FILTER_AREA z12] Water polygon FILTERED: pts=110, area=0.000000183 < min=0.000001414
[FILTER_AREA z12] Water polygon FILTERED: pts=24, area=0.000000126 < min=0.000001414
[FILTER_AREA z12] Water polygon FILTERED: pts=22, area=0.000000142 < min=0.000001414
[FILTER_AREA z12] Water polygon FILTERED: pts=95, area=0.000000082 < min=0.000001414
[FILTER_AREA z12] Water polygon FILTERED: pts=45, area=0.000000100 < min=0.000001414
[FILTER_AREA z12] Water polygon FILTERED: pts=51, area=0.000000049 < min=0.000001414
[FILTER_AREA z12] Water polygon FILTERED: pts=94, area=0.000000574 < min=0.000001414
[FILTER_AREA z12] Water polygon FILTERED: pts=51, area=0.000000033 < min=0.000001414
[FILTER_AREA z12] Water polygon FILTERED: pts=107, area=0.000000208 < min=0.000001414
[FILTER_AREA z12] Water polygon FILTERED: pts=78, area=0.000000070 < min=0.000001414
[FILTER_AREA z12] Water polygon FILTERED: pts=43, area=0.000000889 < min=0.000001414
[FILTER_AREA z12] Water polygon FILTERED: pts=65, area=0.000000192 < min=0.000001414
[FILTER_AREA z12] Water polygon FILTERED: pts=21, area=0.000000161 < min=0.000001414
[FILTER_AREA z12] Water polygon FILTERED: pts=51, area=0.000000059 < min=0.000001414
[FILTER_AREA z12] Water polygon FILTERED: pts=26, area=0.000000222 < min=0.000001414
[FILTER_AREA z12] Water polygon FILTERED: pts=77, area=0.000000417 < min=0.000001414
[FILTER_AREA z12] Water polygon FILTERED: pts=82, area=0.000000022 < min=0.000001414
[FILTER_AREA z12] Water polygon FILTERED: pts=68, area=0.000000048 < min=0.000001414
[FILTER_AREA z12] Water polygon FILTERED: pts=40, area=0.000000008 < min=0.000001414
[FILTER_AREA z12] Water polygon FILTERED: pts=141, area=0.000000443 < min=0.000001414
[FILTER_AREA z12] Water polygon FILTERED: pts=241, area=0.000000279 < min=0.000001414
[FILTER_AREA z12] Water polygon FILTERED: pts=47, area=0.000000068 < min=0.000001414
[FILTER_AREA z12] Water polygon FILTERED: pts=22, area=0.000000565 < min=0.000001414
[FILTER_AREA z12] Water polygon FILTERED: pts=34, area=0.000000028 < min=0.000001414
[FILTER_AREA z12] Water polygon FILTERED: pts=49, area=0.000000518 < min=0.000001414
[FILTER_AREA z12] Water polygon FILTERED: pts=46, area=0.000000009 < min=0.000001414
[FILTER_AREA z12] Water polygon FILTERED: pts=30, area=0.000000073 < min=0.000001414
[FILTER_AREA z12] Water polygon FILTERED: pts=26, area=0.000000402 < min=0.000001414
[FILTER_AREA z12] Water polygon FILTERED: pts=50, area=0.000000346 < min=0.000001414
[FILTER_AREA z12] Water polygon FILTERED: pts=22, area=0.000000003 < min=0.000001414
[FILTER_AREA z12] Water polygon FILTERED: pts=49, area=0.000000208 < min=0.000001414
[FILTER_AREA z12] Water polygon FILTERED: pts=38, area=0.000000450 < min=0.000001414
[FILTER_AREA z12] Water polygon FILTERED: pts=22, area=0.000000126 < min=0.000001414
[FILTER_AREA z12] Water polygon FILTERED: pts=41, area=0.000000389 < min=0.000001414
[FILTER_AREA z12] Water polygon FILTERED: pts=47, area=0.000000079 < min=0.000001414
[FILTER_AREA z12] Water polygon FILTERED: pts=42, area=0.000000051 < min=0.000001414
[FILTER_AREA z12] Water polygon FILTERED: pts=22, area=0.000000167 < min=0.000001414
[FILTER_AREA z12] Water polygon FILTERED: pts=162, area=0.000000177 < min=0.000001414
[FILTER_AREA z12] Water polygon FILTERED: pts=26, area=0.000000364 < min=0.000001414
[FILTER_AREA z12] Water polygon FILTERED: pts=26, area=0.000000439 < min=0.000001414
[FILTER_AREA z12] Water polygon FILTERED: pts=52, area=0.000000292 < min=0.000001414
[FILTER_AREA z12] Water polygon FILTERED: pts=35, area=0.000000429 < min=0.000001414
[FILTER_AREA z12] Water polygon FILTERED: pts=21, area=0.000000107 < min=0.000001414
[FILTER_AREA z12] Water polygon FILTERED: pts=83, area=0.000000104 < min=0.000001414
[FILTER_AREA z12] Water polygon FILTERED: pts=21, area=0.000000132 < min=0.000001414
[FILTER_AREA z12] Water polygon FILTERED: pts=21, area=0.000000107 < min=0.000001414
[FILTER_AREA z12] Water polygon FILTERED: pts=25, area=0.000000138 < min=0.000001414
[FILTER_AREA z12] Water polygon FILTERED: pts=23, area=0.000000141 < min=0.000001414
[FILTER_AREA z12] Water polygon FILTERED: pts=44, area=0.000000140 < min=0.000001414
[FILTER_AREA z12] Water polygon FILTERED: pts=106, area=0.000000632 < min=0.000001414
[FILTER_AREA z12] Water polygon FILTERED: pts=21, area=0.000000038 < min=0.000001414
[FILTER_AREA z12] Water polygon FILTERED: pts=241, area=0.000000813 < min=0.000001414
[FILTER_AREA z12] Water polygon FILTERED: pts=24, area=0.000000076 < min=0.000001414
[FILTER_AREA z12] Water polygon FILTERED: pts=27, area=0.000000606 < min=0.000001414
[FILTER_AREA z12] Water polygon FILTERED: pts=21, area=0.000000028 < min=0.000001414
[FILTER_AREA z12] Water polygon FILTERED: pts=21, area=0.000000041 < min=0.000001414
[FILTER_AREA z12] Water polygon FILTERED: pts=27, area=0.000000098 < min=0.0000014142026-02-11 16:09:03,346 - DEBUG -   Tile 2063,1496: Filtered 2576 polygons by area at z12
2026-02-11 16:09:03,373 - DEBUG -   Tile 2063,1496: Merge: 0 groups merged, 0/0 holes removed, 0 sharding fallbacks
2026-02-11 16:09:03,561 - DEBUG -   Tile 2062,1496: Write: 2420 features, 23 filtered by area (<2.0px²), 43/54 holes removed (<20.0px²)
  Zoom 12: Tiles [████████████░░░░░░░░░░░░░] 10/202026-02-11 16:09:03,636 - DEBUG -   Tile 2063,1495: Write: 6611 features, 9 filtered by area (<2.0px²), 62/73 holes removed (<20.0px²)
  Zoom 12: Tiles [█████████████░░░░░░░░░░░░] 11/202026-02-11 16:09:03,658 - DEBUG -   Tile 2064,1496: Filtered 2789 polygons by area at z12
2026-02-11 16:09:03,686 - DEBUG -   Tile 2064,1496: Merge: 0 groups merged, 0/0 holes removed, 0 sharding fallbacks
2026-02-11 16:09:03,691 - DEBUG -   Tile 2065,1496: Filtered 996 polygons by area at z12
2026-02-11 16:09:03,716 - DEBUG -   Tile 2065,1496: Merge: 0 groups merged, 0/0 holes removed, 0 sharding fallbacks
2026-02-11 16:09:03,741 - DEBUG -   Tile 2064,1495: Write: 6994 features, 7 filtered by area (<2.0px²), 25/32 holes removed (<20.0px²)
  Zoom 12: Tiles [███████████████░░░░░░░░░░] 12/202026-02-11 16:09:03,747 - DEBUG -   Tile 2061,1497: Merge: 0 groups merged, 0/0 holes removed, 0 sharding fallbacks
2026-02-11 16:09:03,748 - DEBUG -   Tile 2061,1497: Write: 8 features, 0 filtered by area (<2.0px²), 0/2 holes removed (<20.0px²)
  Zoom 12: Tiles [████████████████░░░░░░░░░] 13/202026-02-11 16:09:03,752 - DEBUG -   Tile 2062,1497: Merge: 0 groups merged, 0/0 holes removed, 0 sharding fallbacks
2026-02-11 16:09:03,758 - DEBUG -   Tile 2062,1497: Write: 26 features, 0 filtered by area (<2.0px²), 2/4 holes removed (<20.0px²)
  Zoom 12: Tiles [█████████████████░░░░░░░░] 14/202026-02-11 16:09:03,761 - DEBUG -   Tile 2063,1497: Merge: 0 groups merged, 0/0 holes removed, 0 sharding fallbacks
2026-02-11 16:09:03,770 - DEBUG -   Tile 2063,1497: Write: 43 features, 3 filtered by area (<2.0px²), 2/2 holes removed (<20.0px²)
  Zoom 12: Tiles [██████████████████░░░░░░░] 15/202026-02-11 16:09:03,776 - DEBUG -   Tile 2064,1497: Merge: 0 groups merged, 0/0 holes removed, 0 sharding fallbacks

[WRITE] Large polygon: pts=126, layer='landuse', rgb565=0xf6db
[WRITE] Large polygon: pts=115, layer='', rgb565=0xcf56
[WRITE] Large polygon: pts=115, layer='landuse', rgb565=0xcf56
[WRITE] Large polygon: pts=149, layer='', rgb565=0xcf56
[WRITE] Large polygon: pts=149, layer='landuse', rgb565=0xcf56
[WRITE] Large polygon: pts=117, layer='', rgb565=0xcf56
[WRITE] Large polygon: pts=117, layer='landuse', rgb565=0xcf56
[WRITE] Large polygon: pts=167, layer='', rgb565=0xef9a
[WRITE] Large polygon: pts=167, layer='landuse', rgb565=0xef9a
[WRITE] Large polygon: pts=165, layer='landuse', rgb565=0xef9a
[WRITE] Large polygon: pts=128, layer='', rgb565=0xef9a
[WRITE] Large polygon: pts=128, layer='landuse', rgb565=0xef9a
[WRITE] Large polygon: pts=508, layer='', rgb565=0xdedc
[WRITE] Large polygon: pts=508, layer='landuse', rgb565=0xdedc
[WRITE] Large polygon: pts=110, layer='', rgb565=0xe6fa
[WRITE] Large polygon: pts=110, layer='landuse', rgb565=0xe6fa
[NO_SIMP] Water polygon: 41 points NOT simplified
[PROJ z12] Water 2063/1495: pts=41, lon_range=0.001898°, lat_range=0.002253°, px_range=87, py_range=145, pixel_area=5.7px²
[WRITE] Large polygon: pts=262, layer='', rgb565=0xae9b
[WRITE] Large polygon: pts=262, layer='water', rgb565=0xae9b
[CLIP_IN z12] Water 2063/1495: pts=262, lon=1.38478 to 1.38959, lat=43.60857 to 43.61559
[CLIP_OUT z12] Water 2063/1495: 262 pts -> 1 parts, types=['Polygon']
[NO_SIMP] Water polygon: 262 points NOT simplified
[PROJ z12] Water 2063/1495: pts=262, lon_range=0.004812°, lat_range=0.007011°, px_range=224, py_range=451, pixel_area=394.6px²
[WRITE] Large polygon: pts=197, layer='', rgb565=0xae9b
[WRITE] Large polygon: pts=197, layer='water', rgb565=0xae9b
[CLIP_IN z12] Water 2063/1495: pts=197, lon=1.38923 to 1.40037, lat=43.61554 to 43.62313
[CLIP_OUT z12] Water 2063/1495: 197 pts -> 1 parts, types=['Polygon']
[NO_SIMP] Water polygon: 197 points NOT simplified
[PROJ z12] Water 2063/1495: pts=197, lon_range=0.011134°, lat_range=0.007590°, px_range=519, py_range=489, pixel_area=991.4px²
[WRITE] Large polygon: pts=405, layer='', rgb565=0xae9b
[WRITE] Large polygon: pts=298, layer='', rgb565=0xae9b
[WRITE] Large polygon: pts=405, layer='water', rgb565=0xae9b
[CLIP_IN z12] Water 2063/1495: pts=405, lon=1.30766 to 1.32968, lat=43.63266 to 43.64802
[CLIP_OUT z12] Water 2063/1495: 405 pts -> 1 parts, types=['Polygon']
[NO_SIMP] Water polygon: 397 points NOT simplified
[PROJ z12] Water 2063/1495: pts=397, lon_range=0.020114°, lat_range=0.014903°, px_range=936, py_range=959, pixel_area=1445.1px²
[WRITE] Large polygon: pts=298, layer='water', rgb565=0xae9b
[CLIP_IN z12] Water 2063/1495: pts=298, lon=1.36867 to 1.37681, lat=43.59476 to 43.59874
[CLIP_OUT z12] Water 2063/1495: 298 pts -> 1 parts, types=['Polygon']
[NO_SIMP] Water polygon: 298 points NOT simplified
[PROJ z12] Water 2063/1495: pts=298, lon_range=0.008140°, lat_range=0.003979°, px_range=380, py_range=256, pixel_area=380.0px²
[WRITE] Large polygon: pts=317, layer='', rgb565=0xae9b
[WRITE] Large polygon: pts=209, layer='', rgb565=0xae9b
[WRITE] Large polygon: pts=505, layer='', rgb565=0xae9b
[WRITE] Large polygon: pts=317, layer='water', rgb565=0xae9b
[CLIP_IN z12] Water 2063/1495: pts=317, lon=1.35684 to 1.36071, lat=43.58354 to 43.58752
[CLIP_OUT z12] Water 2063/1495: 317 pts -> 1 parts, types=['Polygon']
[NO_SIMP] Water polygon: 317 points NOT simplified
[PROJ z12] Water 2063/1495: pts=317, lon_range=0.003870°, lat_range=0.003980°, px_range=180, py_range=256, pixel_area=180.0px²
[WRITE] Large polygon: pts=209, layer='water', rgb565=0xae9b
[CLIP_IN z12] Water 2063/1495: pts=209, lon=1.36180 to 1.36881, lat=43.58583 to 43.59488
[CLIP_OUT z12] Water 2063/1495: 209 pts -> 1 parts, types=['Polygon']
[NO_SIMP] Water polygon: 209 points NOT simplified
[PROJ z12] Water 2063/1495: pts=209, lon_range=0.007002°, lat_range=0.009049°, px_range=326, py_range=583, pixel_area=742.4px²
[WRITE] Large polygon: pts=505, layer='water', rgb565=0xae9b
[CLIP_IN z12] Water 2063/1495: pts=505, lon=1.34344 to 1.35746, lat=43.57783 to 43.58459
[CLIP_OUT z12] Water 2063/1495: 505 pts -> 1 parts, types=['Polygon']
[NO_SIMP] Water polygon: 505 points NOT simplified
[PROJ z12] Water 2063/1495: pts=505, lon_range=0.014020°, lat_range=0.006753°, px_range=654, py_range=435, pixel_area=692.3px²
[WRITE] Large polygon: pts=667, layer='water', rgb565=0xae9b
[CLIP_IN z12] Water 2063/1495: pts=667, lon=1.37501 to 1.38576, lat=43.59871 to 43.60863
[CLIP_OUT z12] Water 2063/1495: 667 pts -> 1 parts, types=['Polygon']
[NO_SIMP] Water polygon: 667 points NOT simplified
[PROJ z12] Water 2063/1495: pts=678, lon_range=0.010743°, lat_range=0.009918°, px_range=500, py_range=639, pixel_area=1248.0px²
[WRITE] Large polygon: pts=133, layer='leisure', rgb565=0xcfd9
[WRITE] Large polygon: pts=113, layer='leisure', rgb565=0xcfd9
[FILTER_AREA z12] Water polygon FILTERED: pts=59, area=0.000000626 < min=0.000001414
[FILTER_AREA z12] Water polygon FILTERED: pts=106, area=0.000000284 < min=0.000001414
[FILTER_AREA z12] Water polygon FILTERED: pts=29, area=0.000000265 < min=0.000001414
[FILTER_AREA z12] Water polygon FILTERED: pts=234, area=0.000001147 < min=0.000001414
[FILTER_AREA z12] Water polygon FILTERED: pts=30, area=0.000000005 < min=0.000001414
[FILTER_AREA z12] Water polygon FILTERED: pts=33, area=0.000000076 < min=0.000001414
[FILTER_AREA z12] Water polygon FILTERED: pts=26, area=0.000000039 < min=0.000001414
[FILTER_AREA z12] Water polygon FILTERED: pts=34, area=0.000000858 < min=0.000001414
[FILTER_AREA z12] Water polygon FILTERED: pts=25, area=0.000000198 < min=0.000001414
[WRITE] Large polygon: pts=162, layer='', rgb565=0xae93
[WRITE] Large polygon: pts=155, layer='', rgb565=0xae93
[WRITE] Large polygon: pts=162, layer='landuse', rgb565=0xae93
[WRITE] Large polygon: pts=155, layer='landuse', rgb565=0xae93
[WRITE] Large polygon: pts=140, layer='', rgb565=0xae93
[WRITE] Large polygon: pts=140, layer='landuse', rgb565=0xae93
[WRITE] Large polygon: pts=114, layer='', rgb565=0xae93
[WRITE] Large polygon: pts=114, layer='landuse', rgb565=0xae93
[WRITE] Large polygon: pts=136, layer='', rgb565=0xae93
[WRITE] Large polygon: pts=136, layer='landuse', rgb565=0xae93
[WRITE] Large polygon: pts=240, layer='', rgb565=0xae93
[WRITE] Large polygon: pts=165, layer='', rgb565=0xae93
[WRITE] Large polygon: pts=179, layer='', rgb565=0xae93
[WRITE] Large polygon: pts=298, layer='', rgb565=0xae93
[WRITE] Large polygon: pts=240, layer='landuse', rgb565=0xae93
[WRITE] Large polygon: pts=165, layer='landuse', rgb565=0xae93
[WRITE] Large polygon: pts=179, layer='landuse', rgb565=0xae93
[WRITE] Large polygon: pts=298, layer='landuse', rgb565=0xae93
[WRITE] Large polygon: pts=130, layer='', rgb565=0xae93
[WRITE] Large polygon: pts=130, layer='landuse', rgb565=0xae93
[WRITE] Large polygon: pts=112, layer='', rgb565=0xae93
[WRITE] Large polygon: pts=112, layer='landuse', rgb565=0xae93
[WRITE] Large polygon: pts=142, layer='', rgb565=0xae93
[WRITE] Large polygon: pts=155, layer='', rgb565=0xae93
[WRITE] Large polygon: pts=238, layer='', rgb565=0xae93
[WRITE] Large polygon: pts=142, layer='landuse', rgb565=0xae93
[WRITE] Large polygon: pts=155, layer='landuse', rgb565=0xae93
[WRITE] Large polygon: pts=238, layer='landuse', rgb565=0xae93
[WRITE] Large polygon: pts=299, layer='landuse', rgb565=0xae93
[WRITE] Large polygon: pts=171, layer='', rgb565=0xae93
[WRITE] Large polygon: pts=162, layer='', rgb565=0xae93
[WRITE] Large polygon: pts=171, layer='landuse', rgb565=0xae93
[WRITE] Large polygon: pts=162, layer='landuse', rgb565=0xae93
[WRITE] Large polygon: pts=104, layer='', rgb565=0xae93
[WRITE] Large polygon: pts=104, layer='landuse', rgb565=0xae93
[WRITE] Large polygon: pts=692, layer='', rgb565=0xe6fb
[WRITE] Large polygon: pts=309, layer='', rgb565=0xe6fb
[WRITE] Large polygon: pts=388, layer='', rgb565=0xe6fb
[WRITE] Large polygon: pts=147, layer='', rgb565=0xe6fb
[WRITE] Large polygon: pts=692, layer='landuse', rgb565=0xe6fb
[WRITE] Large polygon: pts=309, layer='landuse', rgb565=0xe6fb
[WRITE] Large polygon: pts=388, layer='landuse', rgb565=0xe6fb
[WRITE] Large polygon: pts=147, layer='landuse', rgb565=0xe6fb2026-02-11 16:09:03,791 - DEBUG -   Tile 2064,1497: Write: 43 features, 8 filtered by area (<2.0px²), 0/0 holes removed (<20.0px²)
  Zoom 12: Tiles [████████████████████░░░░░] 16/202026-02-11 16:09:03,795 - DEBUG -   Tile 2065,1497: Merge: 0 groups merged, 0/0 holes removed, 0 sharding fallbacks

[FILTER_AREA z12] Water polygon FILTERED: pts=26, area=0.000000226 < min=0.000001414
[FILTER_AREA z12] Water polygon FILTERED: pts=21, area=0.000000005 < min=0.000001414
[FILTER_AREA z12] Water polygon FILTERED: pts=27, area=0.000000014 < min=0.000001414
[FILTER_AREA z12] Water polygon FILTERED: pts=35, area=0.000000985 < min=0.000001414
[FILTER_AREA z12] Water polygon FILTERED: pts=23, area=0.000000011 < min=0.000001414
[FILTER_AREA z12] Water polygon FILTERED: pts=23, area=0.000000334 < min=0.000001414
[WRITE] Large polygon: pts=105, layer='', rgb565=0xcfd9
[WRITE] Large polygon: pts=131, layer='', rgb565=0xcfd9
[WRITE] Large polygon: pts=158, layer='', rgb565=0xe6fa
[WRITE] Large polygon: pts=158, layer='landuse', rgb565=0xe6fa
[WRITE] Large polygon: pts=924, layer='', rgb565=0xe6fb
[WRITE] Large polygon: pts=924, layer='landuse', rgb565=0xe6fb
[WRITE] Large polygon: pts=161, layer='', rgb565=0xe6fb
[WRITE] Large polygon: pts=161, layer='landuse', rgb565=0xe6fb
[WRITE] Large polygon: pts=220, layer='landuse', rgb565=0xe6fb
[WRITE] Large polygon: pts=468, layer='landuse', rgb565=0xe6fb
[WRITE] Large polygon: pts=329, layer='landuse', rgb565=0xae93
[WRITE] Large polygon: pts=167, layer='', rgb565=0xef9a
[WRITE] Large polygon: pts=118, layer='', rgb565=0xef9a
[WRITE] Large polygon: pts=167, layer='landuse', rgb565=0xef9a
[WRITE] Large polygon: pts=118, layer='landuse', rgb565=0xef9a
[WRITE] Large polygon: pts=183, layer='landuse', rgb565=0xef9a
[WRITE] Large polygon: pts=120, layer='', rgb565=0xcf56
[WRITE] Large polygon: pts=120, layer='landuse', rgb565=0xcf56
[WRITE] Large polygon: pts=109, layer='', rgb565=0xcf56
[WRITE] Large polygon: pts=109, layer='landuse', rgb565=0xcf56
[WRITE] Large polygon: pts=158, layer='', rgb565=0xcf56
[WRITE] Large polygon: pts=105, layer='', rgb565=0xcf56
[WRITE] Large polygon: pts=104, layer='', rgb565=0xcf56
[WRITE] Large polygon: pts=158, layer='landuse', rgb565=0xcf56
[WRITE] Large polygon: pts=105, layer='landuse', rgb565=0xcf56
[WRITE] Large polygon: pts=104, layer='landuse', rgb565=0xcf56
[WRITE] Large polygon: pts=102, layer='', rgb565=0xceb5
[WRITE] Large polygon: pts=102, layer='landuse', rgb565=0xceb5
[NO_SIMP] Water polygon: 41 points NOT simplified
[PROJ z12] Water 2064/1495: pts=41, lon_range=0.003008°, lat_range=0.001029°, px_range=140, py_range=67, pixel_area=36.6px²
[NO_SIMP] Water polygon: 52 points NOT simplified
[PROJ z12] Water 2064/1495: pts=52, lon_range=0.003017°, lat_range=0.001588°, px_range=141, py_range=102, pixel_area=56.2px²
[NO_SIMP] Water polygon: 57 points NOT simplified
[PROJ z12] Water 2064/1495: pts=57, lon_range=0.002767°, lat_range=0.003400°, px_range=129, py_range=218, pixel_area=10.6px²
[NO_SIMP] Water polygon: 43 points NOT simplified
[PROJ z12] Water 2064/1495: pts=43, lon_range=0.001518°, lat_range=0.003938°, px_range=70, py_range=253, pixel_area=69.2px²
[NO_SIMP] Water polygon: 36 points NOT simplified
[PROJ z12] Water 2064/1495: pts=36, lon_range=0.003372°, lat_range=0.004135°, px_range=157, py_range=266, pixel_area=163.1px²
[WRITE] Large polygon: pts=135, layer='', rgb565=0xae9b
[NO_SIMP] Water polygon: 64 points NOT simplified
[PROJ z12] Water 2064/1495: pts=64, lon_range=0.009762°, lat_range=0.003705°, px_range=455, py_range=238, pixel_area=423.0px²
[WRITE] Large polygon: pts=135, layer='water', rgb565=0xae9b
[CLIP_IN z12] Water 2064/1495: pts=135, lon=1.43622 to 1.45294, lat=43.61097 to 43.61627
[CLIP_OUT z12] Water 2064/1495: 135 pts -> 1 parts, types=['Polygon']
[NO_SIMP] Water polygon: 135 points NOT simplified
[PROJ z12] Water 2064/1495: pts=135, lon_range=0.016725°, lat_range=0.005297°, px_range=780, py_range=341, pixel_area=1039.0px²
[NO_SIMP] Water polygon: 97 points NOT simplified
[PROJ z12] Water 2064/1495: pts=97, lon_range=0.004016°, lat_range=0.009073°, px_range=187, py_range=584, pixel_area=426.6px²
[WRITE] Large polygon: pts=349, layer='', rgb565=0xae9b
[NO_SIMP] Water polygon: 92 points NOT simplified
[PROJ z12] Water 2064/1495: pts=92, lon_range=0.008045°, lat_range=0.011369°, px_range=375, py_range=732, pixel_area=517.1px²
[WRITE] Large polygon: pts=349, layer='water', rgb565=0xae9b
[CLIP_IN z12] Water 2064/1495: pts=349, lon=1.48423 to 1.49970, lat=43.55321 to 43.61411
[CLIP_OUT z12] Water 2064/1495: 349 pts -> 1 parts, types=['Polygon']
[NO_SIMP] Water polygon: 220 points NOT simplified
[PROJ z12] Water 2064/1495: pts=220, lon_range=0.015474°, lat_range=0.040086°, px_range=721, py_range=2580, pixel_area=3918.0px²
[WRITE] Large polygon: pts=126, layer='', rgb565=0xae9b
[NO_SIMP] Water polygon: 81 points NOT simplified
[PROJ z12] Water 2064/1495: pts=81, lon_range=0.004978°, lat_range=0.035124°, px_range=232, py_range=2260, pixel_area=1914.9px²
[NO_SIMP] Water polygon: 52 points NOT simplified
[PROJ z12] Water 2064/1495: pts=52, lon_range=0.004981°, lat_range=0.016046°, px_range=232, py_range=1033, pixel_area=936.2px²
[WRITE] Large polygon: pts=126, layer='water', rgb565=0xae9b
[CLIP_IN z12] Water 2064/1495: pts=126, lon=1.46805 to 1.47961, lat=43.63009 to 43.64722
[CLIP_OUT z12] Water 2064/1495: 126 pts -> 1 parts, types=['Polygon']
[NO_SIMP] Water polygon: 126 points NOT simplified
[PROJ z12] Water 2064/1495: pts=126, lon_range=0.011561°, lat_range=0.017129°, px_range=538, py_range=1102, pixel_area=1885.1px²
[NO_SIMP] Water polygon: 81 points NOT simplified
[PROJ z12] Water 2064/1495: pts=81, lon_range=0.016003°, lat_range=0.006403°, px_range=746, py_range=412, pixel_area=1200.6px²
[NO_SIMP] Water polygon: 33 points NOT simplified
[PROJ z12] Water 2064/1495: pts=33, lon_range=0.010123°, lat_range=0.004433°, px_range=472, py_range=285, pixel_area=525.5px²
[WRITE] Large polygon: pts=105, layer='leisure', rgb565=0xcfd9
[WRITE] Large polygon: pts=131, layer='leisure', rgb565=0xcfd9
[WRITE] Large polygon: pts=243, layer='landuse', rgb565=0xef9a
[WRITE] Large polygon: pts=638, layer='', rgb565=0xe6fb
[WRITE] Large polygon: pts=638, layer='landuse', rgb565=0xe6fb
[WRITE] Large polygon: pts=638, layer='landuse', rgb565=0xe6fb
[WRITE] Large polygon: pts=243, layer='landuse', rgb565=0xef9a
[WRITE] Large polygon: pts=638, layer='', rgb565=0xe6fb
[WRITE] Large polygon: pts=122, layer='', rgb565=0xe6fb
[WRITE] Large polygon: pts=638, layer='landuse', rgb565=0xe6fb
[WRITE] Large polygon: pts=122, layer='landuse', rgb565=0xe6fb
[WRITE] Large polygon: pts=638, layer='landuse', rgb565=0xe6fb
[WRITE] Large polygon: pts=105, layer='', rgb565=0xcfd9
[WRITE] Large polygon: pts=105, layer='leisure', rgb565=0xcfd9
[WRITE] Large polygon: pts=348, layer='', rgb565=0xae93
[WRITE] Large polygon: pts=203, layer='', rgb565=0xae93
[WRITE] Large polygon: pts=348, layer='landuse', rgb565=0xae93
[WRITE] Large polygon: pts=203, layer='landuse', rgb565=0xae93
[WRITE] Large polygon: pts=692, layer='', rgb565=0xe6fb
[WRITE] Large polygon: pts=204, layer='', rgb565=0xe6fb
[WRITE] Large polygon: pts=122, layer='', rgb565=0xe6fb
[WRITE] Large polygon: pts=692, layer='landuse', rgb565=0xe6fb
[WRITE] Large polygon: pts=204, layer='landuse', rgb565=0xe6fb
[WRITE] Large polygon: pts=122, layer='landuse', rgb565=0xe6fb
[WRITE] Large polygon: pts=105, layer='', rgb565=0xcfd9
[WRITE] Large polygon: pts=272, layer='', rgb565=0xcfd9
[WRITE] Large polygon: pts=113, layer='', rgb565=0xef9a
[WRITE] Large polygon: pts=232, layer='', rgb565=0xef9a
[WRITE] Large polygon: pts=141, layer='', rgb565=0xef9a
[WRITE] Large polygon: pts=113, layer='landuse', rgb565=0xef9a
[WRITE] Large polygon: pts=232, layer='landuse', rgb565=0xef9a
[WRITE] Large polygon: pts=141, layer='landuse', rgb565=0xef9a
[WRITE] Large polygon: pts=105, layer='leisure', rgb565=0xcfd9
[WRITE] Large polygon: pts=272, layer='leisure', rgb565=0xcfd9
[WRITE] Large polygon: pts=692, layer='', rgb565=0xe6fb
[WRITE] Large polygon: pts=692, layer='landuse', rgb565=0xe6fb
[WRITE] Large polygon: pts=270, layer='', rgb565=0xe6fb
[WRITE] Large polygon: pts=270, layer='landuse', rgb565=0xe6fb
[WRITE] Large polygon: pts=136, layer='', rgb565=0xae9b
[WRITE] Large polygon: pts=136, layer='water', rgb565=0xae9b
[CLIP_IN z12] Water 2065/1497: pts=136, lon=1.51616 to 1.52061, lat=43.51108 to 43.523592026-02-11 16:09:03,805 - DEBUG -   Tile 2065,1497: Write: 36 features, 6 filtered by area (<2.0px²), 0/0 holes removed (<20.0px²)
  Zoom 12: Tiles [█████████████████████░░░░] 17/20
[WRITE] Large polygon: pts=183, layer='water', rgb565=0xae9b
[CLIP_IN z12] Water 2062/1496: pts=183, lon=1.31214 to 1.33034, lat=43.56497 to 43.57360
[CLIP_OUT z12] Water 2062/1496: 183 pts -> 1 parts, types=['Polygon']
[NO_SIMP] Water polygon: 151 points NOT simplified
[PROJ z12] Water 2062/1496: pts=151, lon_range=0.015008°, lat_range=0.006856°, px_range=699, py_range=441, pixel_area=499.6px²
[WRITE] Large polygon: pts=383, layer='water', rgb565=0xae9b
[CLIP_IN z12] Water 2062/1496: pts=383, lon=1.28874 to 1.29536, lat=43.54896 to 43.56012
[CLIP_OUT z12] Water 2062/1496: 383 pts -> 1 parts, types=['Polygon']
[NO_SIMP] Water polygon: 383 points NOT simplified
[PROJ z12] Water 2062/1496: pts=383, lon_range=0.006621°, lat_range=0.011168°, px_range=309, py_range=718, pixel_area=866.6px²
[NO_SIMP] Water polygon: 49 points NOT simplified
[PROJ z12] Water 2062/1496: pts=49, lon_range=0.003051°, lat_range=0.003333°, px_range=142, py_range=215, pixel_area=119.3px²
[NO_SIMP] Water polygon: 26 points NOT simplified
[PROJ z12] Water 2062/1496: pts=26, lon_range=0.002460°, lat_range=0.002054°, px_range=115, py_range=132, pixel_area=59.3px²
[NO_SIMP] Water polygon: 54 points NOT simplified
[PROJ z12] Water 2062/1496: pts=67, lon_range=0.005688°, lat_range=0.005210°, px_range=265, py_range=335, pixel_area=346.8px²
[WRITE] Large polygon: pts=106, layer='', rgb565=0xae9b
[WRITE] Large polygon: pts=106, layer='water', rgb565=0xae9b
[CLIP_IN z12] Water 2062/1496: pts=106, lon=1.27090 to 1.28370, lat=43.53744 to 43.54468
[CLIP_OUT z12] Water 2062/1496: 106 pts -> 1 parts, types=['Polygon']
[NO_SIMP] Water polygon: 106 points NOT simplified
[PROJ z12] Water 2062/1496: pts=106, lon_range=0.012801°, lat_range=0.007247°, px_range=596, py_range=466, pixel_area=1084.9px²
[FILTER_AREA z12] Water polygon FILTERED: pts=26, area=0.000000004 < min=0.000001414
[FILTER_AREA z12] Water polygon FILTERED: pts=37, area=0.000001126 < min=0.000001414
[FILTER_AREA z12] Water polygon FILTERED: pts=51, area=0.000000038 < min=0.000001414
[FILTER_AREA z12] Water polygon FILTERED: pts=35, area=0.000000302 < min=0.000001414
[FILTER_AREA z12] Water polygon FILTERED: pts=22, area=0.000000044 < min=0.000001414
[FILTER_AREA z12] Water polygon FILTERED: pts=22, area=0.000000073 < min=0.000001414
[FILTER_AREA z12] Water polygon FILTERED: pts=34, area=0.000000059 < min=0.000001414
[FILTER_AREA z12] Water polygon FILTERED: pts=43, area=0.000000889 < min=0.000001414
[FILTER_AREA z12] Water polygon FILTERED: pts=39, area=0.000000086 < min=0.000001414
[FILTER_AREA z12] Water polygon FILTERED: pts=58, area=0.000000458 < min=0.000001414
[FILTER_AREA z12] Water polygon FILTERED: pts=57, area=0.000000322 < min=0.000001414
[FILTER_AREA z12] Water polygon FILTERED: pts=28, area=0.000000239 < min=0.000001414
[FILTER_AREA z12] Water polygon FILTERED: pts=30, area=0.000000093 < min=0.000001414
[FILTER_AREA z12] Water polygon FILTERED: pts=33, area=0.000000380 < min=0.000001414
[FILTER_AREA z12] Water polygon FILTERED: pts=22, area=0.000001222 < min=0.000001414
[FILTER_AREA z12] Water polygon FILTERED: pts=29, area=0.000001250 < min=0.000001414
[FILTER_AREA z12] Water polygon FILTERED: pts=27, area=0.000000341 < min=0.000001414
[FILTER_AREA z12] Water polygon FILTERED: pts=45, area=0.000000489 < min=0.000001414
[FILTER_AREA z12] Water polygon FILTERED: pts=29, area=0.000000314 < min=0.000001414
[FILTER_AREA z12] Water polygon FILTERED: pts=126, area=0.000000835 < min=0.000001414
[FILTER_AREA z12] Water polygon FILTERED: pts=45, area=0.000000307 < min=0.000001414
[FILTER_AREA z12] Water polygon FILTERED: pts=31, area=0.000000554 < min=0.000001414
[FILTER_AREA z12] Water polygon FILTERED: pts=33, area=0.000000159 < min=0.000001414
[FILTER_AREA z12] Water polygon FILTERED: pts=85, area=0.000000901 < min=0.000001414
[FILTER_AREA z12] Water polygon FILTERED: pts=27, area=0.000000242 < min=0.000001414
[WRITE] Large polygon: pts=128, layer='', rgb565=0xae93
[WRITE] Large polygon: pts=348, layer='', rgb565=0xae93
[WRITE] Large polygon: pts=172, layer='', rgb565=0xae93
[WRITE] Large polygon: pts=203, layer='', rgb565=0xae93
[WRITE] Large polygon: pts=128, layer='landuse', rgb565=0xae93
[WRITE] Large polygon: pts=348, layer='landuse', rgb565=0xae93
[WRITE] Large polygon: pts=172, layer='landuse', rgb565=0xae93
[WRITE] Large polygon: pts=203, layer='landuse', rgb565=0xae93
[WRITE] Large polygon: pts=195, layer='landuse', rgb565=0xae93
[WRITE] Large polygon: pts=195, layer='', rgb565=0xae93
[WRITE] Large polygon: pts=195, layer='landuse', rgb565=0xae93
[WRITE] Large polygon: pts=138, layer='', rgb565=0xae93
[WRITE] Large polygon: pts=149, layer='', rgb565=0xae93
[WRITE] Large polygon: pts=138, layer='landuse', rgb565=0xae93
[WRITE] Large polygon: pts=149, layer='landuse', rgb565=0xae93
[WRITE] Large polygon: pts=139, layer='', rgb565=0xae93
[WRITE] Large polygon: pts=139, layer='landuse', rgb565=0xae93
[WRITE] Large polygon: pts=111, layer='', rgb565=0xae93
[WRITE] Large polygon: pts=316, layer='', rgb565=0xae93
[WRITE] Large polygon: pts=139, layer='landuse', rgb565=0xae93
[WRITE] Large polygon: pts=111, layer='landuse', rgb565=0xae93
[WRITE] Large polygon: pts=316, layer='landuse', rgb565=0xae93
[WRITE] Large polygon: pts=114, layer='', rgb565=0xae93
[WRITE] Large polygon: pts=114, layer='landuse', rgb565=0xae93
[WRITE] Large polygon: pts=149, layer='landuse', rgb565=0xae93
[WRITE] Large polygon: pts=143, layer='', rgb565=0xae93
[WRITE] Large polygon: pts=143, layer='landuse', rgb565=0xae93
[WRITE] Large polygon: pts=138, layer='landuse', rgb565=0xae93
[WRITE] Large polygon: pts=127, layer='', rgb565=0xf79b
[WRITE] Large polygon: pts=149, layer='', rgb565=0xfeba
[WRITE] Large polygon: pts=149, layer='landuse', rgb565=0xfeba
[WRITE] Large polygon: pts=105, layer='', rgb565=0xcfd9
[WRITE] Large polygon: pts=272, layer='', rgb565=0xcfd9
[WRITE] Large polygon: pts=102, layer='', rgb565=0xcfd9
[WRITE] Large polygon: pts=108, layer='', rgb565=0xeedd
[WRITE] Large polygon: pts=108, layer='landuse', rgb565=0xeedd
[WRITE] Large polygon: pts=114, layer='landuse', rgb565=0xeedd
[WRITE] Large polygon: pts=692, layer='', rgb565=0xe6fb
[WRITE] Large polygon: pts=204, layer='', rgb565=0xe6fb
[WRITE] Large polygon: pts=122, layer='', rgb565=0xe6fb
[WRITE] Large polygon: pts=692, layer='landuse', rgb565=0xe6fb
[WRITE] Large polygon: pts=204, layer='landuse', rgb565=0xe6fb
[WRITE] Large polygon: pts=122, layer='landuse', rgb565=0xe6fb
[WRITE] Large polygon: pts=102, layer='landuse', rgb565=0xe6fb
[WRITE] Large polygon: pts=105, layer='', rgb565=0xe6fb
[WRITE] Large polygon: pts=105, layer='landuse', rgb565=0xe6fb
[WRITE] Large polygon: pts=924, layer='', rgb565=0xe6fb
[WRITE] Large polygon: pts=924, layer='landuse', rgb565=0xe6fb
[WRITE] Large polygon: pts=304, layer='', rgb565=0xe6fb
[WRITE] Large polygon: pts=304, layer='landuse', rgb565=0xe6fb
[WRITE] Large polygon: pts=193, layer='', rgb565=0xe6fb
[WRITE] Large polygon: pts=193, layer='landuse', rgb565=0xe6fb
[WRITE] Large polygon: pts=220, layer='landuse', rgb565=0xe6fb
[WRITE] Large polygon: pts=187, layer='landuse', rgb565=0xe6fb
[WRITE] Large polygon: pts=355, layer='landuse', rgb565=0xe6fb
[WRITE] Large polygon: pts=113, layer='', rgb565=0xef9a
[WRITE] Large polygon: pts=232, layer='', rgb565=0xef9a
[WRITE] Large polygon: pts=141, layer='', rgb565=0xef9a
[WRITE] Large polygon: pts=179, layer='', rgb565=0xef9a
[WRITE] Large polygon: pts=113, layer='landuse', rgb565=0xef9a
[WRITE] Large polygon: pts=232, layer='landuse', rgb565=0xef9a
[WRITE] Large polygon: pts=141, layer='landuse', rgb565=0xef9a
[WRITE] Large polygon: pts=179, layer='landuse', rgb565=0xef9a
[WRITE] Large polygon: pts=114, layer='', rgb565=0xef9a
[WRITE] Large polygon: pts=114, layer='landuse', rgb565=0xef9a
[WRITE] Large polygon: pts=140, layer='landuse', rgb565=0xef9a
[WRITE] Large polygon: pts=111, layer='', rgb565=0xcf56
[WRITE] Large polygon: pts=111, layer='landuse', rgb565=0xcf56
[WRITE] Large polygon: pts=102, layer='', rgb565=0xceb5
[WRITE] Large polygon: pts=102, layer='landuse', rgb565=0xceb5
[NO_SIMP] Water polygon: 77 points NOT simplified
[PROJ z12] Water 2064/1496: pts=77, lon_range=0.002580°, lat_range=0.003066°, px_range=120, py_range=197, pixel_area=92.3px²2026-02-11 16:09:03,966 - DEBUG -   Tile 2063,1496: Write: 4154 features, 5 filtered by area (<2.0px²), 31/39 holes removed (<20.0px²)
  Zoom 12: Tiles [██████████████████████░░░] 18/202026-02-11 16:09:04,126 - DEBUG -   Tile 2065,1496: Write: 2550 features, 10 filtered by area (<2.0px²), 19/21 holes removed (<20.0px²)
  Zoom 12: Tiles [███████████████████████░░] 19/202026-02-11 16:09:04,267 - DEBUG -   Tile 2064,1496: Write: 4320 features, 13 filtered by area (<2.0px²), 37/44 holes removed (<20.0px²)
  Zoom 12: Tiles [█████████████████████████] 20/20
[CLIP_OUT z12] Water 2065/1497: 136 pts -> 1 parts, types=['Polygon']
[NO_SIMP] Water polygon: 114 points NOT simplified
[PROJ z12] Water 2065/1497: pts=114, lon_range=0.004447°, lat_range=0.011986°, px_range=207, py_range=769, pixel_area=291.1px²

[FILTER_AREA z12] Water polygon FILTERED: pts=27, area=0.000000092 < min=0.000001414
[FILTER_AREA z12] Water polygon FILTERED: pts=23, area=0.000000006 < min=0.000001414
[FILTER_AREA z12] Water polygon FILTERED: pts=24, area=0.000000198 < min=0.000001414
[FILTER_AREA z12] Water polygon FILTERED: pts=22, area=0.000000224 < min=0.000001414
[FILTER_AREA z12] Water polygon FILTERED: pts=50, area=0.000000422 < min=0.000001414
[FILTER_AREA z12] Water polygon FILTERED: pts=40, area=0.000000231 < min=0.000001414
[FILTER_AREA z12] Water polygon FILTERED: pts=21, area=0.000000062 < min=0.000001414
[FILTER_AREA z12] Water polygon FILTERED: pts=28, area=0.000000424 < min=0.000001414
[FILTER_AREA z12] Water polygon FILTERED: pts=21, area=0.000000138 < min=0.000001414
[FILTER_AREA z12] Water polygon FILTERED: pts=26, area=0.000000088 < min=0.000001414
[WRITE] Large polygon: pts=149, layer='', rgb565=0xfeba
[WRITE] Large polygon: pts=149, layer='landuse', rgb565=0xfeba
[WRITE] Large polygon: pts=152, layer='', rgb565=0xae93
[WRITE] Large polygon: pts=152, layer='landuse', rgb565=0xae93
[WRITE] Large polygon: pts=101, layer='', rgb565=0xae93
[WRITE] Large polygon: pts=101, layer='landuse', rgb565=0xae93
[WRITE] Large polygon: pts=122, layer='', rgb565=0xae93
[WRITE] Large polygon: pts=122, layer='landuse', rgb565=0xae93
[WRITE] Large polygon: pts=147, layer='landuse', rgb565=0xae93
[WRITE] Large polygon: pts=148, layer='landuse', rgb565=0xae93
[WRITE] Large polygon: pts=147, layer='landuse', rgb565=0xae93
[WRITE] Large polygon: pts=105, layer='', rgb565=0xcfd9
[WRITE] Large polygon: pts=638, layer='', rgb565=0xe6fb
[WRITE] Large polygon: pts=122, layer='', rgb565=0xe6fb
[WRITE] Large polygon: pts=638, layer='landuse', rgb565=0xe6fb
[WRITE] Large polygon: pts=122, layer='landuse', rgb565=0xe6fb
[WRITE] Large polygon: pts=258, layer='', rgb565=0xe6fb
[WRITE] Large polygon: pts=258, layer='landuse', rgb565=0xe6fb
[WRITE] Large polygon: pts=126, layer='', rgb565=0xe6fb
[WRITE] Large polygon: pts=126, layer='landuse', rgb565=0xe6fb
[WRITE] Large polygon: pts=304, layer='', rgb565=0xe6fb
[WRITE] Large polygon: pts=304, layer='landuse', rgb565=0xe6fb
[WRITE] Large polygon: pts=293, layer='landuse', rgb565=0xe6fb
[WRITE] Large polygon: pts=826, layer='landuse', rgb565=0xe6fb
[WRITE] Large polygon: pts=177, layer='landuse', rgb565=0xe6fb
[WRITE] Large polygon: pts=220, layer='landuse', rgb565=0xe6fb
[WRITE] Large polygon: pts=366, layer='landuse', rgb565=0xe6fb
[WRITE] Large polygon: pts=638, layer='landuse', rgb565=0xe6fb
[WRITE] Large polygon: pts=119, layer='roads', rgb565=0xffff
[WRITE] Large polygon: pts=103, layer='landuse', rgb565=0xef9a
[WRITE] Large polygon: pts=101, layer='', rgb565=0xef9a
[WRITE] Large polygon: pts=101, layer='landuse', rgb565=0xef9a
[WRITE] Large polygon: pts=136, layer='', rgb565=0xcf56
[WRITE] Large polygon: pts=136, layer='landuse', rgb565=0xcf56
[WRITE] Large polygon: pts=109, layer='', rgb565=0xcf56
[WRITE] Large polygon: pts=101, layer='landuse', rgb565=0xcf56
[WRITE] Large polygon: pts=103, layer='landuse', rgb565=0xcf56
[WRITE] Large polygon: pts=109, layer='landuse', rgb565=0xcf56
[WRITE] Large polygon: pts=125, layer='', rgb565=0xae9b
[WRITE] Large polygon: pts=125, layer='water', rgb565=0xae9b
[CLIP_IN z12] Water 2063/1496: pts=125, lon=1.39822 to 1.40182, lat=43.56887 to 43.57117
[CLIP_OUT z12] Water 2063/1496: 125 pts -> 1 parts, types=['Polygon']
[NO_SIMP] Water polygon: 125 points NOT simplified
[PROJ z12] Water 2063/1496: pts=125, lon_range=0.003601°, lat_range=0.002304°, px_range=168, py_range=148, pixel_area=97.1px²
[NO_SIMP] Water polygon: 98 points NOT simplified
[PROJ z12] Water 2063/1496: pts=98, lon_range=0.002878°, lat_range=0.001975°, px_range=135, py_range=127, pixel_area=67.0px²
[WRITE] Large polygon: pts=1040, layer='', rgb565=0xae9b
[WRITE] Large polygon: pts=1040, layer='water', rgb565=0xae9b
[CLIP_IN z12] Water 2063/1496: pts=1040, lon=1.33792 to 1.35263, lat=43.56471 to 43.57838
[CLIP_OUT z12] Water 2063/1496: 1040 pts -> 1 parts, types=['Polygon']
[NO_SIMP] Water polygon: 1040 points NOT simplified
[PROJ z12] Water 2063/1496: pts=1040, lon_range=0.014710°, lat_range=0.013668°, px_range=685, py_range=879, pixel_area=2352.0px²
[NO_SIMP] Water polygon: 68 points NOT simplified
[PROJ z12] Water 2063/1496: pts=80, lon_range=0.001723°, lat_range=0.002043°, px_range=81, py_range=131, pixel_area=41.4px²
[NO_SIMP] Water polygon: 25 points NOT simplified
[PROJ z12] Water 2063/1496: pts=25, lon_range=0.002897°, lat_range=0.002100°, px_range=135, py_range=135, pixel_area=71.2px²
[WRITE] Large polygon: pts=133, layer='', rgb565=0xae9b
[WRITE] Large polygon: pts=133, layer='water', rgb565=0xae9b
[CLIP_IN z12] Water 2063/1496: pts=133, lon=1.35901 to 1.36388, lat=43.56813 to 43.57197
[CLIP_OUT z12] Water 2063/1496: 133 pts -> 1 parts, types=['Polygon']
[NO_SIMP] Water polygon: 133 points NOT simplified
[PROJ z12] Water 2063/1496: pts=133, lon_range=0.004864°, lat_range=0.003846°, px_range=227, py_range=247, pixel_area=219.0px²
[NO_SIMP] Water polygon: 62 points NOT simplified
[PROJ z12] Water 2063/1496: pts=62, lon_range=0.005293°, lat_range=0.002615°, px_range=247, py_range=168, pixel_area=162.1px²
[WRITE] Large polygon: pts=130, layer='', rgb565=0xae9b
[WRITE] Large polygon: pts=130, layer='water', rgb565=0xae9b
[CLIP_IN z12] Water 2063/1496: pts=130, lon=1.37427 to 1.37729, lat=43.52463 to 43.52676
[CLIP_OUT z12] Water 2063/1496: 130 pts -> 1 parts, types=['Polygon']
[NO_SIMP] Water polygon: 130 points NOT simplified
[PROJ z12] Water 2063/1496: pts=130, lon_range=0.003024°, lat_range=0.002131°, px_range=141, py_range=137, pixel_area=75.5px²
[NO_SIMP] Water polygon: 54 points NOT simplified
[PROJ z12] Water 2063/1496: pts=54, lon_range=0.002541°, lat_range=0.001760°, px_range=118, py_range=113, pixel_area=52.1px²
[WRITE] Large polygon: pts=183, layer='', rgb565=0xae9b
[WRITE] Large polygon: pts=183, layer='water', rgb565=0xae9b
[CLIP_IN z12] Water 2063/1496: pts=183, lon=1.31214 to 1.33034, lat=43.56497 to 43.57360
[CLIP_OUT z12] Water 2063/1496: 183 pts -> 1 parts, types=['Polygon']
[NO_SIMP] Water polygon: 183 points NOT simplified
[PROJ z12] Water 2063/1496: pts=183, lon_range=0.018196°, lat_range=0.008636°, px_range=847, py_range=556, pixel_area=1211.9px²
[WRITE] Large polygon: pts=505, layer='', rgb565=0xae9b
[WRITE] Large polygon: pts=176, layer='', rgb565=0xae9b
[WRITE] Large polygon: pts=505, layer='water', rgb565=0xae9b
[CLIP_IN z12] Water 2063/1496: pts=505, lon=1.34344 to 1.35746, lat=43.57783 to 43.58459
[CLIP_OUT z12] Water 2063/1496: 505 pts -> 1 parts, types=['Polygon']
[NO_SIMP] Water polygon: 505 points NOT simplified
[PROJ z12] Water 2063/1496: pts=505, lon_range=0.014020°, lat_range=0.006753°, px_range=654, py_range=434, pixel_area=419.0px²
[WRITE] Large polygon: pts=176, layer='water', rgb565=0xae9b
[CLIP_IN z12] Water 2063/1496: pts=176, lon=1.33023 to 1.34361, lat=43.57352 to 43.57852
[CLIP_OUT z12] Water 2063/1496: 176 pts -> 1 parts, types=['Polygon']
[NO_SIMP] Water polygon: 176 points NOT simplified
[PROJ z12] Water 2063/1496: pts=176, lon_range=0.013385°, lat_range=0.005002°, px_range=623, py_range=321, pixel_area=781.2px²
[WRITE] Large polygon: pts=206, layer='water', rgb565=0xae9b
[CLIP_IN z12] Water 2063/1496: pts=206, lon=1.34373 to 1.35686, lat=43.56424 to 43.57555
[CLIP_OUT z12] Water 2063/1496: 206 pts -> 1 parts, types=['Polygon']
[NO_SIMP] Water polygon: 206 points NOT simplified
[PROJ z12] Water 2063/1496: pts=256, lon_range=0.013131°, lat_range=0.011307°, px_range=612, py_range=727, pixel_area=1738.0px²
[NO_SIMP] Water polygon: 36 points NOT simplified
[PROJ z12] Water 2063/1496: pts=36, lon_range=0.002985°, lat_range=0.002586°, px_range=139, py_range=166, pixel_area=90.1px²
[WRITE] Large polygon: pts=105, layer='leisure', rgb565=0xcfd9

[WRITE] Large polygon: pts=181, layer='', rgb565=0xe6fb
[WRITE] Large polygon: pts=181, layer='landuse', rgb565=0xe6fb
[WRITE] Large polygon: pts=270, layer='', rgb565=0xe6fb
[WRITE] Large polygon: pts=270, layer='landuse', rgb565=0xe6fb
[WRITE] Large polygon: pts=120, layer='', rgb565=0xe6fb
[WRITE] Large polygon: pts=120, layer='landuse', rgb565=0xe6fb
[WRITE] Large polygon: pts=312, layer='landuse', rgb565=0xe6fb
[WRITE] Large polygon: pts=155, layer='landuse', rgb565=0xf6db
[WRITE] Large polygon: pts=169, layer='', rgb565=0xef9a
[WRITE] Large polygon: pts=169, layer='landuse', rgb565=0xef9a
[WRITE] Large polygon: pts=111, layer='', rgb565=0xef9a
[WRITE] Large polygon: pts=111, layer='landuse', rgb565=0xef9a
[WRITE] Large polygon: pts=114, layer='', rgb565=0xef9a
[WRITE] Large polygon: pts=114, layer='landuse', rgb565=0xef9a
[WRITE] Large polygon: pts=108, layer='', rgb565=0xef9a
[WRITE] Large polygon: pts=145, layer='', rgb565=0xef9a
[WRITE] Large polygon: pts=133, layer='', rgb565=0xef9a
[WRITE] Large polygon: pts=133, layer='', rgb565=0xef9a
[WRITE] Large polygon: pts=101, layer='', rgb565=0xef9a
[WRITE] Large polygon: pts=108, layer='landuse', rgb565=0xef9a
[WRITE] Large polygon: pts=145, layer='landuse', rgb565=0xef9a
[WRITE] Large polygon: pts=156, layer='landuse', rgb565=0xef9a
[WRITE] Large polygon: pts=133, layer='landuse', rgb565=0xef9a
[WRITE] Large polygon: pts=133, layer='landuse', rgb565=0xef9a
[WRITE] Large polygon: pts=116, layer='landuse', rgb565=0xef9a
[WRITE] Large polygon: pts=101, layer='landuse', rgb565=0xef9a
[WRITE] Large polygon: pts=215, layer='landuse', rgb565=0xef9a
[WRITE] Large polygon: pts=119, layer='', rgb565=0xceb5
[WRITE] Large polygon: pts=119, layer='landuse', rgb565=0xceb5
[WRITE] Large polygon: pts=102, layer='', rgb565=0xceb5
[WRITE] Large polygon: pts=102, layer='landuse', rgb565=0xceb5
[NO_SIMP] Water polygon: 46 points NOT simplified
[PROJ z12] Water 2065/1496: pts=46, lon_range=0.003879°, lat_range=0.002787°, px_range=180, py_range=180, pixel_area=126.6px²
[NO_SIMP] Water polygon: 74 points NOT simplified
[PROJ z12] Water 2065/1496: pts=89, lon_range=0.004417°, lat_range=0.002302°, px_range=206, py_range=148, pixel_area=119.1px²
[NO_SIMP] Water polygon: 51 points NOT simplified
[PROJ z12] Water 2065/1496: pts=51, lon_range=0.004549°, lat_range=0.006177°, px_range=211, py_range=397, pixel_area=15.5px²
[WRITE] Large polygon: pts=137, layer='', rgb565=0xae9b
[WRITE] Large polygon: pts=137, layer='water', rgb565=0xae9b
[CLIP_IN z12] Water 2065/1496: pts=137, lon=1.49407 to 1.51567, lat=43.52599 to 43.53901
[CLIP_OUT z12] Water 2065/1496: 137 pts -> 1 parts, types=['Polygon']
[NO_SIMP] Water polygon: 137 points NOT simplified
[PROJ z12] Water 2065/1496: pts=137, lon_range=0.021600°, lat_range=0.013019°, px_range=1006, py_range=837, pixel_area=3279.3px²
[WRITE] Large polygon: pts=136, layer='', rgb565=0xae9b
[WRITE] Large polygon: pts=349, layer='', rgb565=0xae9b
[WRITE] Large polygon: pts=136, layer='water', rgb565=0xae9b
[CLIP_IN z12] Water 2065/1496: pts=136, lon=1.51616 to 1.52061, lat=43.51108 to 43.52359
[CLIP_OUT z12] Water 2065/1496: 136 pts -> 1 parts, types=['Polygon']
[NO_SIMP] Water polygon: 136 points NOT simplified
[PROJ z12] Water 2065/1496: pts=136, lon_range=0.004447°, lat_range=0.012512°, px_range=207, py_range=804, pixel_area=359.0px²
[WRITE] Large polygon: pts=349, layer='water', rgb565=0xae9b
[CLIP_IN z12] Water 2065/1496: pts=349, lon=1.48423 to 1.49970, lat=43.55321 to 43.61411
[CLIP_OUT z12] Water 2065/1496: 349 pts -> 1 parts, types=['Polygon']
[NO_SIMP] Water polygon: 208 points NOT simplified
[PROJ z12] Water 2065/1496: pts=208, lon_range=0.005340°, lat_range=0.033555°, px_range=249, py_range=2157, pixel_area=1700.2px²

[NO_SIMP] Water polygon: 57 points NOT simplified
[PROJ z12] Water 2064/1496: pts=57, lon_range=0.001811°, lat_range=0.001682°, px_range=84, py_range=108, pixel_area=35.4px²
[NO_SIMP] Water polygon: 87 points NOT simplified
[PROJ z12] Water 2064/1496: pts=87, lon_range=0.002280°, lat_range=0.002191°, px_range=107, py_range=141, pixel_area=58.9px²
[NO_SIMP] Water polygon: 78 points NOT simplified
[PROJ z12] Water 2064/1496: pts=78, lon_range=0.003126°, lat_range=0.001302°, px_range=146, py_range=84, pixel_area=47.9px²
[NO_SIMP] Water polygon: 86 points NOT simplified
[PROJ z12] Water 2064/1496: pts=86, lon_range=0.001535°, lat_range=0.002750°, px_range=72, py_range=177, pixel_area=49.8px²
[NO_SIMP] Water polygon: 38 points NOT simplified
[PROJ z12] Water 2064/1496: pts=38, lon_range=0.003857°, lat_range=0.007222°, px_range=180, py_range=464, pixel_area=326.2px²
[NO_SIMP] Water polygon: 51 points NOT simplified
[PROJ z12] Water 2064/1496: pts=51, lon_range=0.004549°, lat_range=0.006177°, px_range=212, py_range=397, pixel_area=313.3px²
[WRITE] Large polygon: pts=139, layer='', rgb565=0xae9b
[WRITE] Large polygon: pts=137, layer='', rgb565=0xae9b
[WRITE] Large polygon: pts=139, layer='water', rgb565=0xae9b
[CLIP_IN z12] Water 2064/1496: pts=139, lon=1.46932 to 1.48099, lat=43.55505 to 43.57407
[CLIP_OUT z12] Water 2064/1496: 139 pts -> 1 parts, types=['Polygon']
[NO_SIMP] Water polygon: 139 points NOT simplified
[PROJ z12] Water 2064/1496: pts=139, lon_range=0.011672°, lat_range=0.019021°, px_range=544, py_range=1224, pixel_area=2601.0px²
[WRITE] Large polygon: pts=137, layer='water', rgb565=0xae9b
[CLIP_IN z12] Water 2064/1496: pts=137, lon=1.49407 to 1.51567, lat=43.52599 to 43.53901
[CLIP_OUT z12] Water 2064/1496: 137 pts -> 1 parts, types=['Polygon']
[NO_SIMP] Water polygon: 51 points NOT simplified
[PROJ z12] Water 2064/1496: pts=51, lon_range=0.008862°, lat_range=0.002677°, px_range=413, py_range=172, pixel_area=2.7px²
[WRITE] Large polygon: pts=349, layer='', rgb565=0xae9b
[NO_SIMP] Water polygon: 92 points NOT simplified
[PROJ z12] Water 2064/1496: pts=92, lon_range=0.008045°, lat_range=0.011369°, px_range=375, py_range=731, pixel_area=555.2px²
[WRITE] Large polygon: pts=349, layer='water', rgb565=0xae9b
[CLIP_IN z12] Water 2064/1496: pts=349, lon=1.48423 to 1.49970, lat=43.55321 to 43.61411
[CLIP_OUT z12] Water 2064/1496: 349 pts -> 1 parts, types=['Polygon']
[NO_SIMP] Water polygon: 208 points NOT simplified
[PROJ z12] Water 2064/1496: pts=208, lon_range=0.005340°, lat_range=0.033555°, px_range=249, py_range=2157, pixel_area=0.0px²
[WRITE] Large polygon: pts=127, layer='amenities', rgb565=0xf79b
[WRITE] Large polygon: pts=105, layer='leisure', rgb565=0xcfd9
[WRITE] Large polygon: pts=272, layer='leisure', rgb565=0xcfd9
[WRITE] Large polygon: pts=102, layer='leisure', rgb565=0xcfd9
[WRITE] Large polygon: pts=214, layer='leisure', rgb565=0xcfd9
[WRITE] Large polygon: pts=188, layer='leisure', rgb565=0xdfb8
[WRITE] Large polygon: pts=114, layer='buildings', rgb565=0xf618
2026-02-11 16:09:04,284 - INFO - ==================================================
2026-02-11 16:09:04,284 - INFO - Conversion Summary
2026-02-11 16:09:04,284 - INFO - ==================================================
2026-02-11 16:09:04,284 - INFO - Input: tlse_test.pbf
2026-02-11 16:09:04,284 - INFO - Output directory: output_vect/test
2026-02-11 16:09:04,284 - INFO - Format: NAV binary tiles (.nav)
2026-02-11 16:09:04,284 - INFO - Total tiles: 20
2026-02-11 16:09:04,284 - INFO - Total size: 1.19 MB
2026-02-11 16:09:04,284 - INFO - Total time: 59.55s
2026-02-11 16:09:04,284 - INFO - ==================================================
  Zoom 12: 20 tiles written. (2.4s)                    
